complaint_text,category
Shipment was dispatched to the wrong distribution hub in a different state. This is unacceptable service and needs urgent escalation.,Delivery Issue
The coupon code discount of 20% was omitted from my final generated invoice. No one is addressing this despite multiple attempts.,Billing Issue
My UPI transfer to merchant 96079 got debited but the merchant says payment not received. Looking forward to a quick resolution from your side.,Payment Issue
Items were missing from my shipment box when I opened the sealed parcel. Kindly investigate and provide an update today.,Delivery Issue
I am unable to change my account username and security credentials.,Account Issue
The amount Rs 3500 was billed to my card but the transaction status shows incomplete. Please look into this as soon as possible.,Payment Issue
Customer care email address is bouncing back with mailbox quota exceeded. This is impacting my daily workflow severely.,Service Issue
Money deducted from card but website displayed error code PAY_24871.,Payment Issue
The oversize item was refused delivery by the apartment security with no resolution. Please take necessary action to fix this.,Delivery Issue
Image upload fails with error code 413 payload too large for small photos. Looking forward to a quick resolution from your side.,Technical Issue
Registered email address has a typo and I cannot verify my new user account. This has happened multiple times this week.,Account Issue
My billing receipt has incorrect company details and wrong GST number. I have been facing this problem since yesterday.,Billing Issue
Delivery address was updated before dispatch yet shipment was sent to old address. No one is addressing this despite multiple attempts.,Delivery Issue
The map navigation feature shows roads that no longer exist. I have been facing this problem since yesterday.,Technical Issue
"I requested a refund 7 days ago for a failed payment, still haven't received my money back. I need an immediate resolution or refund.",Payment Issue
Filter dropdown is not functioning and freezes the browser tab.,Technical Issue
My loyalty points balance reset to zero after account migration.,Account Issue
My billing cycle date changed without notification causing mid-month deduction.,Billing Issue
My address was on the package label but the shipment went to another city entirely.,Delivery Issue
The oversize item was refused delivery by the apartment security with no resolution. No one is addressing this despite multiple attempts.,Delivery Issue
Double billing on my monthly recurring statement for invoice #39937.,Billing Issue
The tracking link shared via SMS leads to a broken 404 page. I need an immediate resolution or refund.,Delivery Issue
Card payment gateway timeout caused double charging on the same invoice. This is unacceptable service and needs urgent escalation.,Payment Issue
I was not given any delivery OTP prompt and the item was handed to someone else. Urgent attention required for this critical issue.,Delivery Issue
Two-factor authentication 2FA code generated by authenticator app is rejected as invalid. Please look into this as soon as possible.,Account Issue
Security deposit of Rs 15499 was not reflected as credit in the final bill.,Billing Issue
The discount applied at sales time is not reflected in the final tax invoice. Very frustrating experience with this platform.,Billing Issue
Order shipment #72205 is lost in transit and logistics support has no update. This is impacting my daily workflow severely.,Delivery Issue
I am unable to change my profile username and security credentials.,Account Issue
Late payment fee charged even though I paid 5 days before the due date. Awaiting your prompt reply and action.,Billing Issue
Dark mode toggle breaks the layout and causes overlapping text elements.,Technical Issue
The loyalty program points deduction issue I raised was dismissed without investigation.,Service Issue
UI buttons are unresponsive and misaligned on mobile screen resolution.,Technical Issue
Unable to update my primary phone number and email address in account profile.,Account Issue
Customer care email address is bouncing back with mailbox quota exceeded. Awaiting your prompt reply and action.,Service Issue
Unable to merge my duplicate user profiles registered under the same email. No one is addressing this despite multiple attempts.,Account Issue
transfer gateway error: transaction was debited but vendor claims payment is unreceived. Please look into this as soon as possible.,Payment Issue
The tracking link shared via SMS leads to a broken 404 page.,Delivery Issue
Cashback and refund amount of Rs 4999 not credited back to my account. Awaiting your prompt reply and action.,Payment Issue
Video call feature drops connection every two minutes with codec error. This is unacceptable service and needs urgent escalation.,Technical Issue
Support executive gave conflicting instructions causing further confusion. Urgent attention required for this critical issue.,Service Issue
API endpoint /api/v1/data is throwing HTTP 502 Bad Gateway intermittently.,Technical Issue
Cannot download my generated PDF report due to server timeout error #11170. Awaiting your prompt reply and action.,Technical Issue
The replacement phone arrived with cosmetic damage from poor packaging. Kindly escalate this to senior management.,Delivery Issue
My loyalty points balance reset to zero after account migration. Kindly investigate and provide an update today.,Account Issue
Courier company marked fake delivery attempt stating wrong address provided. Kindly escalate this to senior management.,Delivery Issue
Cannot deactivate or delete my old account despite following instructions. Please fix this bug/issue as soon as possible.,Account Issue
The price listed on the invoice #68925 is higher than the product listing price. Please take necessary action to fix this.,Billing Issue
My written grievance letter sent via post was returned as undeliverable. Kindly investigate and provide an update today.,Service Issue
Dark pattern in settings made me accidentally close my account. I need an immediate resolution or refund.,Account Issue
The courier broke a fragile electronic item by placing heavy boxes on top. I am extremely disappointed with the handling of this matter.,Delivery Issue
Refund for cancelled order #19359 is not credited to my original payment method. Kindly escalate this to senior management.,Payment Issue
The application keeps crashing whenever I try to open the dashboard. No one is addressing this despite multiple attempts.,Technical Issue
Billed for delivery charges even though my order qualified for free shipping. Urgent attention required for this critical issue.,Billing Issue
Money was debited from my bank account via UPI but transaction shows failed.,Payment Issue
Rupay card transaction declined repeatedly even after bank confirmed no issues. No one is addressing this despite multiple attempts.,Payment Issue
I was charged an unexplained fee labelled miscellaneous charges on my statement. Please take necessary action to fix this.,Billing Issue
Wrong pin code was printed on the label despite correct address in order details. Very frustrating experience with this platform.,Delivery Issue
Real-time chat messages are not being delivered instantly.,Technical Issue
Filter dropdown is not functioning and freezes the browser tab. Very frustrating experience with this platform.,Technical Issue
Tax calculation on my invoice is erroneous and exceeds the standard GST percentage. Urgent attention required for this critical issue.,Billing Issue
The oversize item was refused delivery by the apartment security with no resolution. Very frustrating experience with this platform.,Delivery Issue
Subscription downgrade was requested but I am still being billed the enterprise rate.,Billing Issue
"Debit card OTP was submitted successfully, money deducted, yet payment marked as failed.",Payment Issue
The account dashboard is showing another user's personal information. This has happened multiple times this week.,Account Issue
Payment failed at the gateway checkout but amount was cut from my savings account. I am extremely disappointed with the handling of this matter.,Payment Issue
The app is stuck on the infinite loading spinner on the home screen.,Technical Issue
Live agent keeps transferring my call between departments without resolution. I need an immediate resolution or refund.,Service Issue
The courier agent delivered my parcel to the wrong address in another street. Please help resolve this immediately.,Delivery Issue
My linked payment method was removed from the account without my authorization. I expect a prompt resolution from the concerned department.,Account Issue
Tracking status has been stuck at 'In Transit' for over 10 consecutive days.,Delivery Issue
Email change request was submitted but confirmation not sent to new address. Kindly investigate and provide an update today.,Account Issue
Remote diagnostic tool used by support staff caused data loss on my device. Please look into this as soon as possible.,Service Issue
Bank shows payment successful but the utility company says dues are still pending.,Payment Issue
The invoice sent by support is different from the one in the app.,Billing Issue
The refund initiated 10 days back hasn't appeared in my bank statement yet. Urgent attention required for this critical issue.,Payment Issue
Data export function generates empty CSV files without content.,Technical Issue
Auto-debit triggered on my bank account for an order that was cancelled.,Payment Issue
Card payment gateway timeout caused double charging on the same invoice. Please help resolve this immediately.,Payment Issue
My subscription box for this month was never dispatched despite being deducted Please look into this as soon as possible.,Delivery Issue
The profile picture upload fails every time I try to change my avatar. No one is addressing this despite multiple attempts.,Account Issue
Subscription downgrade was requested but I am still being billed the enterprise rate. Awaiting your prompt reply and action.,Billing Issue
Money deducted from card but website displayed error code PAY_66822. Please fix this bug/issue as soon as possible.,Payment Issue
Profile section crashes whenever I attempt to save updated contact details. Please take necessary action to fix this.,Account Issue
Evening shift customer support provides completely different answers than morning shift.,Service Issue
I was billed for an additional service that I never opted in or subscribed for. I am extremely disappointed with the handling of this matter.,Billing Issue
I cannot add a second email address to my account as backup contact.,Account Issue
I requested a manager callback three days ago but have received no follow-up. I expect a prompt resolution from the concerned department.,Service Issue
Receipt shows wrong currency conversion rate leading to overcharge on my card. Awaiting your prompt reply and action.,Billing Issue
API endpoint /api/v1/data is throwing HTTP 502 Bad Gateway intermittently. No one is addressing this despite multiple attempts.,Technical Issue
Unable to merge my duplicate user profiles registered under the same email.,Account Issue
My linked payment method was removed from the user account without my authorization. Please fix this bug/issue as soon as possible.,Account Issue
Tracking status has been stuck at 'In Transit' for over 10 consecutive days. I have already sent multiple emails without response.,Delivery Issue
My transaction failed at checkout due to payment gateway error #62227. I am extremely disappointed with the handling of this matter.,Payment Issue
I was billed for an additional service that I never opted in or subscribed for.,Billing Issue
My account has been temporarily locked due to suspicious activity without warning. Very frustrating experience with this platform.,Account Issue
Annual plan was purchased but monthly charges continue to appear on statement.,Billing Issue
Screen recording feature produces corrupted video output files. Very frustrating experience with this platform.,Technical Issue
Repeated follow-ups on complaint #93203 have been met with canned automated replies. I have been facing this problem since yesterday.,Service Issue
My account was merged with a different user account without my permission. No one is addressing this despite multiple attempts.,Account Issue
Credit card charge went through successfully but order was marked as unpaid. Kindly escalate this to senior management.,Payment Issue
The app crashed when I was trying to complete my payment.,Technical Issue
Payme transfer of Rs 3500 shows pending on both sender and receiver ends.,Payment Issue
Customer service denied my claim citing a clause not present in my agreement. I have been facing this problem since yesterday.,Service Issue
Received the completely wrong product instead of the item I originally ordered. Please fix this bug/issue as soon as possible.,Delivery Issue
The profile picture upload fails every time I try to change my avatar. Awaiting your prompt reply and action.,Account Issue
transfer failed at the gateway checkout but amount was cut from my savings account. Kindly investigate and provide an update today.,Payment Issue
Amount Rs 1250 is deducted from account but checkout session expired.,Payment Issue
OTP verification code is not being received on my registered mobile number. Kindly investigate and provide an update today.,Account Issue
Service engineer arrived 4 hours late without prior notification. This has happened multiple times this week.,Service Issue
"I tried paying using Google Pay, amount deducted but payment status is still pending.",Payment Issue
My account has been temporarily locked due to suspicious activity without warning. Awaiting your prompt reply and action.,Account Issue
Support agent was rude when I asked them to transfer me to a senior executive.,Service Issue
My account shows an incorrect subscription tier despite paying for premium. Kindly investigate and provide an update today.,Account Issue
My minor child account was auto-upgraded to adult without parental consent. I have already sent multiple emails without response.,Account Issue
Two-way sync between desktop and mobile keeps reverting changes. I expect a prompt resolution from the concerned department.,Technical Issue
The checkout button is greyed out and unclickable despite filling all fields. Very frustrating experience with this platform.,Technical Issue
Estimated delivery date has been rescheduled 4 times without any explanation. Very frustrating experience with this platform.,Delivery Issue
Website displays internal server error 500 when navigating to the checkout screen. Very frustrating experience with this platform.,Technical Issue
The heavy furniture item was left in the lobby and not assembled as promised. I have been facing this problem since yesterday.,Delivery Issue
Session expires abruptly within 30 seconds of logging into the portal. Very frustrating experience with this platform.,Technical Issue
Extra charge of Rs 2499 added for expedited delivery that arrived late. I am extremely disappointed with the handling of this matter.,Billing Issue
Service quality has deteriorated significantly with unhelpful automated responses. I have already sent multiple emails without response.,Service Issue
The app freezes on the splash screen and never loads past the logo animation. Kindly look into this issue at the earliest.,Technical Issue
The app freezes on the splash screen and never loads past the logo animation. I need an immediate resolution or refund.,Technical Issue
Wrong pin code was printed on the label despite correct address in order details. Kindly escalate this to senior management.,Delivery Issue
Unable to switch between multiple business accounts linked to my master ID. Kindly escalate this to senior management.,Account Issue
I was billed for both the old and new plan during the same billing period. Looking forward to a quick resolution from your side.,Billing Issue
My order status says out for delivery for the past 48 hours with no courier contact.,Delivery Issue
Two-way sync between desktop and mobile keeps reverting changes. I need an immediate resolution or refund.,Technical Issue
My billing statement shows charges from your company that I did not authorize. I have been facing this problem since yesterday.,Billing Issue
Video call feature drops connection every two minutes with codec error. Urgent attention required for this critical issue.,Technical Issue
Cannot deactivate or delete my old profile despite following instructions. Awaiting your prompt reply and action.,Account Issue
The account dashboard is showing another user's personal information. I need an immediate resolution or refund.,Account Issue
Cancellation fee was wrongly deducted to my account after cancelling within free window. Please look into this as soon as possible.,Billing Issue
Poor customer assistance with no resolution provided after weeks of follow-up. I need an immediate resolution or refund.,Service Issue
parcel partner attempted parcel on a public holiday without prior notice. Awaiting your prompt reply and action.,Delivery Issue
Incorrect surge pricing added to my final invoice without notification. Please look into this as soon as possible.,Billing Issue
The heavy furniture item was left in the lobby and not assembled as promised. Please look into this as soon as possible.,Delivery Issue
Captcha on the user sign in page is constantly showing verification failed error. Please take necessary action to fix this.,Account Issue
Calendar widget fails to load available slots showing empty months. Urgent attention required for this critical issue.,Technical Issue
Net banking transaction timed out during payment verification step. Kindly escalate this to senior management.,Payment Issue
Terrible after-sales customer service with zero accountability for product defects.,Service Issue
Received phishing warning alert regarding compromised password on my user account Kindly look into this issue at the earliest.,Account Issue
Voice input feature fails to initialize audio stream on Android app. Kindly escalate this to senior management.,Technical Issue
Cannot deactivate or delete my old account despite following instructions. Looking forward to a quick resolution from your side.,Account Issue
The account dashboard is showing another user's personal information. Urgent attention required for this critical issue.,Account Issue
Package #58394 was returned to sender without my consent or any delivery attempt.,Delivery Issue
The delivery slot I selected was ignored and order delivery attempted at wrong time. Kindly escalate this to senior management.,Delivery Issue
Two accounts exist for the same PAN number causing conflicts in the system. Very frustrating experience with this platform.,Account Issue
My corporate billing profile is receiving invoices for a personal account charges. Please fix this bug/issue as soon as possible.,Billing Issue
Search bar on the web application is broken and returns no results for any query. I am extremely disappointed with the handling of this matter.,Technical Issue
Duplicate invoice generated for account #73462 resulting in duplicate bank charges.,Billing Issue
Card payment gateway timeout caused double charging on the same invoice.,Payment Issue
Service team failed to fix the same issue after 3 separate visits. Looking forward to a quick resolution from your side.,Service Issue
The account age verification keeps failing despite submitting valid documents. This has happened multiple times this week.,Account Issue
Support agent was rude when I asked them to transfer me to a senior executive. I expect a prompt resolution from the concerned department.,Service Issue
OTP verification code is not being received on my registered mobile number. I am extremely disappointed with the handling of this matter.,Account Issue
The pro-rated billing amount for partial month is incorrectly calculated. No one is addressing this despite multiple attempts.,Billing Issue
Courier service returned package citing address untraceable despite clear landmarks.,Delivery Issue
The AWB number for my shipment is not trackable on any courier website. I am extremely disappointed with the handling of this matter.,Delivery Issue
Shipment was dispatched to the wrong distribution hub in a different state. Please take necessary action to fix this.,Delivery Issue
Platform fee deducted from my seller payout without prior disclosure.,Billing Issue
Courier parcel executive claimed 'Customer not available' without attempting delivery or calling. I have already sent multiple emails without response.,Delivery Issue
I am unable to change my account username and security credentials. I have been facing this problem since yesterday.,Account Issue
Late payment fee charged even though I paid 5 days before the due date. Please fix this bug/issue as soon as possible.,Billing Issue
Auto-complete suggestion dropdown appears behind other page elements. I need an immediate resolution or refund.,Technical Issue
Registered email address has a typo and I cannot verify my new user account. Please fix this bug/issue as soon as possible.,Account Issue
Amount Rs 3500 is deducted from account but checkout session expired. Please fix this bug/issue as soon as possible.,Payment Issue
My international parcel is stuck in customs for 3 weeks with no update. I am extremely disappointed with the handling of this matter.,Delivery Issue
Double deduction occurred on my bank account for single transaction #62196.,Payment Issue
Child account access cannot be authorized from parent account dashboard.,Account Issue
Old tariff plan still being applied despite upgrading to new plan #86089.,Billing Issue
Refund for cancelled order #19120 is not credited to my original payment method. Please help resolve this immediately.,Payment Issue
I made an IMPS transfer but the beneficiary profile didn't receive the money. Looking forward to a quick resolution from your side.,Payment Issue
My order has not arrived yet even though the estimated delivery date was yesterday. This is unacceptable service and needs urgent escalation.,Delivery Issue
Invoice #60134 contains items that were out of stock and removed from my order. Awaiting your prompt reply and action.,Billing Issue
Helpdesk ticketing system keeps closing tickets automatically without resolution. I have been facing this problem since yesterday.,Service Issue
Parcel was left unattended outside my gate in the rain and got ruined. This is impacting my daily workflow severely.,Delivery Issue
Tracking status has been stuck at 'In Transit' for over 10 consecutive days. Please take necessary action to fix this.,Delivery Issue
Courier service returned package citing address untraceable despite clear landmarks. Looking forward to a quick resolution from your side.,Delivery Issue
The coupon code discount of 20% was omitted from my final generated invoice.,Billing Issue
Support agent was rude when I asked them to transfer me to a senior executive. This is impacting my daily workflow severely.,Service Issue
Registered email address has a typo and I cannot verify my new user user account This has happened multiple times this week.,Account Issue
My billing cycle date changed without notification causing mid-month deduction. No one is addressing this despite multiple attempts.,Billing Issue
The mobile app crashes immediately after I enter my login credentials. I have been facing this problem since yesterday.,Technical Issue
The refund initiated 10 days back hasn't appeared in my bank statement yet. Please help resolve this immediately.,Payment Issue
Incorrect surge pricing added to my final invoice without notification.,Billing Issue
Refund amount processed by seller is not reflecting in my linked bank account. Please fix this bug/issue as soon as possible.,Payment Issue
Delivery tracking page throws a server error when I load it.,Technical Issue
Support agent abruptly disconnected the live chat session while I was typing. This is unacceptable service and needs urgent escalation.,Service Issue
The payment failed message appeared but my bank balance reduced significantly. I expect a prompt resolution from the concerned department.,Payment Issue
Push notifications are not appearing even with all permissions granted. Please take necessary action to fix this.,Technical Issue
Email change request was submitted but confirmation not sent to new address. Kindly escalate this to senior management.,Account Issue
Amount Rs 3500 is deducted from account but checkout session expired. Kindly escalate this to senior management.,Payment Issue
Tax calculation on my invoice is erroneous and exceeds the standard GST percentage. I expect a prompt resolution from the concerned department.,Billing Issue
Delivery boy demanded delivery charges despite pre-paid order status.,Delivery Issue
Discount promo code was applied at checkout but billing statement billed full price without discount.,Billing Issue
The courier agent delivered my parcel to the wrong address in another street.,Delivery Issue
Cashback and reimbursement amount of Rs 10000 not credited back to my account.,Payment Issue
Invoice #28920 contains items that were out of stock and removed from my order. This is impacting my daily workflow severely.,Billing Issue
The complaint escalation matrix shared on website is completely non-functional. This is unacceptable service and needs urgent escalation.,Service Issue
Real-time chat messages are not being delivered instantly. Looking forward to a quick resolution from your side.,Technical Issue
The early termination fee on my account exceeds the contractual limit. Kindly look into this issue at the earliest.,Billing Issue
App crashes when switching between portrait and landscape orientation. I am extremely disappointed with the handling of this matter.,Technical Issue
Customer service denied my claim citing a clause not present in my agreement. I have already sent multiple emails without response.,Service Issue
Invoice #94803 contains items that were out of stock and removed from my order. I have already sent multiple emails without response.,Billing Issue
My grievance ticket #78463 was marked as resolved without any solution provided.,Service Issue
My billing receipt has incorrect company details and wrong GST number. Looking forward to a quick resolution from your side.,Billing Issue
QR code scanner within the app opens a black screen and crashes. I have already sent multiple emails without response.,Technical Issue
Voice input feature fails to initialize audio stream on Android app. I need an immediate resolution or refund.,Technical Issue
Executive refused to escalate my grievance to higher tier management. Please help resolve this immediately.,Service Issue
Cancellation fee was wrongly charged to my account after cancelling within free window. I have been facing this problem since yesterday.,Billing Issue
My card was charged twice for the exact same order billing statement,Billing Issue
Unable to switch between multiple business accounts linked to my master ID. This is unacceptable service and needs urgent escalation.,Account Issue
Form validation error appears even when all mandatory input fields are correctly filled. Very frustrating experience with this platform.,Technical Issue
Tracking app shows wrong location and customer care is unreachable.,Delivery Issue
The application crashes whenever a push notification arrives.,Technical Issue
The refund initiated 10 days back hasn't appeared in my bank statement yet. This is impacting my daily workflow severely.,Payment Issue
My international parcel is stuck in customs for 3 weeks with no update. Please look into this as soon as possible.,Delivery Issue
No response from support team regarding my critical issue escalated last week. I am extremely disappointed with the handling of this matter.,Service Issue
I cannot initiate a refund because the refund option is disabled for my order.,Payment Issue
Amount Rs 499 is deducted from account but checkout session expired. This has happened multiple times this week.,Payment Issue
I have been billed for equipment rental even though I returned the device. This is unacceptable service and needs urgent escalation.,Billing Issue
Two-factor authentication 2FA code generated by authenticator app is rejected as invalid.,Account Issue
App crashes when switching between portrait and landscape orientation. This is unacceptable service and needs urgent escalation.,Technical Issue
Billed for parcel charges even though my order qualified for free shipping. Kindly investigate and provide an update today.,Billing Issue
Cannot download my generated PDF report due to server timeout error #96305. Awaiting your prompt reply and action.,Technical Issue
order delivery address was updated before dispatch yet shipment was sent to old address. Very frustrating experience with this platform.,Delivery Issue
Discrepancy in billing: invoice total is Rs 10000 while order total was different. Looking forward to a quick resolution from your side.,Billing Issue
Discount promo code was applied at checkout but invoice billed full price without discount.,Billing Issue
Amount Rs 10000 is deducted from account but checkout session expired.,Payment Issue
Support portal rejects ticket creation and displays contact administrator message.,Service Issue
I was charged the international rate even though I was browsing from India. I need an immediate resolution or refund.,Billing Issue
I was not given any delivery OTP prompt and the item was handed to someone else. Kindly escalate this to senior management.,Delivery Issue
The discount applied at sales time is not reflected in the final tax invoice. This is impacting my daily workflow severely.,Billing Issue
I was given a replacement that is a lower model than my original defective product.,Service Issue
Double billing on my monthly recurring statement for invoice #77632.,Billing Issue
Delivery boy demanded delivery charges despite pre-paid order status. No one is addressing this despite multiple attempts.,Delivery Issue
Support portal rejects ticket creation and displays contact administrator message. I have already sent multiple emails without response.,Service Issue
The app crashes with an uncaught null pointer exception when editing profile. Looking forward to a quick resolution from your side.,Technical Issue
App crashes when switching between portrait and landscape orientation. This has happened multiple times this week.,Technical Issue
Agent promised refund but amount not credited to my payment account.,Payment Issue
UI buttons are unresponsive and misaligned on mobile screen resolution. No one is addressing this despite multiple attempts.,Technical Issue
Extra charge of Rs 2499 added for expedited delivery that arrived late. Looking forward to a quick resolution from your side.,Billing Issue
Dark mode toggle breaks the layout and causes overlapping text elements. Very frustrating experience with this platform.,Technical Issue
The support representative was extremely rude and unhelpful during our phone call. This has happened multiple times this week.,Service Issue
Rupay card payment declined repeatedly even after bank confirmed no issues.,Payment Issue
Notification badge is stuck showing 99+ unread messages that cannot be cleared. Kindly investigate and provide an update today.,Technical Issue
The application restarts automatically every time I navigate to the settings tab. Kindly look into this issue at the earliest.,Technical Issue
Wrong item was delivered and support is not responding.,Service Issue
The amount Rs 2499 was charged to my card but the transaction status shows incomplete.,Payment Issue
Service engineer arrived 4 hours late without prior notification.,Service Issue
I did not receive any acknowledgement or receipt for my successful UPI payment. I have been facing this problem since yesterday.,Payment Issue
The application keeps crashing whenever I try to open the dashboard. Kindly escalate this to senior management.,Technical Issue
Data export function generates empty CSV files without content. Very frustrating experience with this platform.,Technical Issue
The courier agent delivered my parcel to the wrong address in another street. Awaiting your prompt reply and action.,Delivery Issue
Two out of four ordered items were missing from an otherwise sealed carton. Kindly investigate and provide an update today.,Delivery Issue
Billed for delivery charges even though my order qualified for free shipping. I have already sent multiple emails without response.,Billing Issue
The support team promised a callback within 2 hours but called after 3 days.,Service Issue
My cold chain shipment arrived at room temperature and is unsafe to consume. This is unacceptable service and needs urgent escalation.,Delivery Issue
I was charged the international rate even though I was browsing from India. Kindly investigate and provide an update today.,Billing Issue
Service engineer arrived 4 hours late without prior notification. Very frustrating experience with this platform.,Service Issue
The discount applied at sales time is not reflected in the final tax invoice. This has happened multiple times this week.,Billing Issue
Delivery partner attempted delivery on a public holiday without prior notice.,Delivery Issue
Payment processing failed during merchant authorization but money left my account. Please fix this bug/issue as soon as possible.,Payment Issue
Auto-debit triggered on my bank account for an order that was cancelled. Please help resolve this immediately.,Payment Issue
Customer service denied my claim citing a clause not present in my agreement. Please help resolve this immediately.,Service Issue
App crashes whenever I check my billing history.,Technical Issue
Profile section crashes whenever I attempt to save updated contact details. Very frustrating experience with this platform.,Account Issue
Image upload fails with error code 413 payload too large for small photos. This has happened multiple times this week.,Technical Issue
Annual plan was purchased but monthly charges continue to appear on statement. Please look into this as soon as possible.,Billing Issue
Calendar widget fails to load available slots showing empty months. Please take necessary action to fix this.,Technical Issue
I am receiving a persistent JavaScript console error when clicking the submit button. I am extremely disappointed with the handling of this matter.,Technical Issue
Two-factor authentication 2FA code generated by authenticator app is rejected as invalid. Looking forward to a quick resolution from your side.,Account Issue
Support agent abruptly disconnected the live chat session while I was typing.,Service Issue
I paid the full amount but only half of the order was processed by the deduction system.,Payment Issue
My linked payment method was removed from the account without my authorization. Kindly investigate and provide an update today.,Account Issue
Payment was processed twice because the gateway page froze on the first attempt. Please help resolve this immediately.,Payment Issue
Voice input feature fails to initialize audio stream on Android app. Awaiting your prompt reply and action.,Technical Issue
Export to Excel button throws error 503 Service Unavailable.,Technical Issue
My written grievance letter sent via post was returned as undeliverable.,Service Issue
The deduction failed message appeared but my bank balance reduced significantly. Awaiting your prompt reply and action.,Payment Issue
Extra charge of Rs 499 added for expedited delivery that arrived late. This has happened multiple times this week.,Billing Issue
Cannot unlink old mobile number from my registered user profile. Very frustrating experience with this platform.,Account Issue
I received two conflicting invoices for a single subscription plan. Looking forward to a quick resolution from your side.,Billing Issue
Incorrect penalty fee added for data overage that did not actually occur. Kindly look into this issue at the earliest.,Billing Issue
Two separate bills generated for a single service period causing confusion. I have already sent multiple emails without response.,Billing Issue
Two separate bills generated for a single service period causing confusion.,Billing Issue
Search bar on the web application is broken and returns no results for any query.,Technical Issue
Cannot download my generated PDF report due to server timeout error #52534. No one is addressing this despite multiple attempts.,Technical Issue
I changed my registered email but still receiving OTP on the old email address. Please help resolve this immediately.,Account Issue
Helpdesk ticketing system keeps closing tickets automatically without resolution. This has happened multiple times this week.,Service Issue
Customer service representative provided inaccurate and misleading information. Please help resolve this immediately.,Service Issue
I received an empty box with packing material and no ordered goods inside.,Delivery Issue
My international parcel is stuck in customs for 3 weeks with no update. Please take necessary action to fix this.,Delivery Issue
The support team promised a callback within 2 hours but called after 3 days. I expect a prompt resolution from the concerned department.,Service Issue
Data synchronization between mobile app and web portal is failing constantly. Please fix this bug/issue as soon as possible.,Technical Issue
Dark mode toggle breaks the layout and causes overlapping text elements. This has happened multiple times this week.,Technical Issue
The application crashes on iOS version 17 when accessing camera permissions. I expect a prompt resolution from the concerned department.,Technical Issue
Logistics tracking shows delivered with a forged signature that is not mine. This is impacting my daily workflow severely.,Delivery Issue
The map integration on the delivery tracking page shows a blank tile. This has happened multiple times this week.,Technical Issue
I was placed in a feedback survey loop instead of being connected to support. This has happened multiple times this week.,Service Issue
Cannot complete mandatory two-step verification because SMS gateway is failing. Kindly investigate and provide an update today.,Account Issue
Email change request was submitted but confirmation not sent to new address. I have already sent multiple emails without response.,Account Issue
I did not receive any acknowledgement or receipt for my successful UPI payment. Kindly look into this issue at the earliest.,Payment Issue
Payment transfer failed halfway and my funds are currently stuck in escrow. Please fix this bug/issue as soon as possible.,Payment Issue
My corporate billing account is receiving invoices for a personal account charges. I have been facing this problem since yesterday.,Billing Issue
App crashes when switching between portrait and landscape orientation. This is impacting my daily workflow severely.,Technical Issue
Cashback and refund amount of Rs 2499 not credited back to my account Kindly escalate this to senior management.,Payment Issue
Poor customer assistance with no resolution provided after weeks of follow-up.,Service Issue
Screen recording feature produces corrupted video output files.,Technical Issue
Wallet balance deducted but transaction failed at the last step of checkout.,Payment Issue
Account verification email is going to spam folder and verification link is broken. No one is addressing this despite multiple attempts.,Account Issue
The courier agent delivered my parcel to the wrong address in another street. This has happened multiple times this week.,Delivery Issue
Helpdesk ticketing system keeps closing tickets automatically without resolution.,Service Issue
I was placed in a feedback survey loop instead of being connected to customer service Very frustrating experience with this platform.,Service Issue
Cannot unlink old mobile number from my registered user profile. Kindly escalate this to senior management.,Account Issue
The AWB number for my shipment is not trackable on any courier website. This has happened multiple times this week.,Delivery Issue
Encountering database connection error during search query execution. This is unacceptable service and needs urgent escalation.,Technical Issue
Billing department did not adjust the credit note on my current statement.,Billing Issue
Child account access cannot be authorized from parent account dashboard. I need an immediate resolution or refund.,Account Issue
The price listed on the invoice #19694 is higher than the product listing price. No one is addressing this despite multiple attempts.,Billing Issue
The app is stuck on the infinite loading spinner on the home screen. This is impacting my daily workflow severely.,Technical Issue
I received an empty box with packing material and no ordered goods inside. Urgent attention required for this critical issue.,Delivery Issue
I haven't received confirmation for the insurance premium payment I made online.,Payment Issue
Initiated refund for transaction #65723 is still pending after two weeks.,Payment Issue
Order delivered to an unknown neighbor without contacting me for an OTP.,Delivery Issue
The application crashes on iOS version 17 when accessing camera permissions. I need an immediate resolution or refund.,Technical Issue
The support team promised a callback within 2 hours but called after 3 days. Very frustrating experience with this platform.,Service Issue
The account shows logged in from multiple devices I don't own.,Account Issue
Incorrect penalty fee added for data overage that did not actually occur.,Billing Issue
Delivery was scheduled for morning slot but arrived at 11 PM at night. Very frustrating experience with this platform.,Delivery Issue
Voice input feature fails to initialize audio stream on Android app. Looking forward to a quick resolution from your side.,Technical Issue
Discrepancy in billing: invoice total is Rs 4999 while order total was different. I need an immediate resolution or refund.,Billing Issue
Discount promo code was applied at checkout but invoice billed full price without discount. Looking forward to a quick resolution from your side.,Billing Issue
The PWA does not install correctly on Android Chrome browser. Looking forward to a quick resolution from your side.,Technical Issue
Service team failed to fix the same issue after 3 separate visits. This is impacting my daily workflow severely.,Service Issue
Estimated delivery date has been rescheduled 4 times without any explanation. Urgent attention required for this critical issue.,Delivery Issue
Rupay card payment declined repeatedly even after bank confirmed no issues. Please take necessary action to fix this.,Payment Issue
Refund amount processed by seller is not reflecting in my linked bank account.,Payment Issue
My parcel shows custom clearance failed but no reason or action step is given. Please fix this bug/issue as soon as possible.,Delivery Issue
I was charged an extra convenience fee of Rs 999 that was not mentioned before. Very frustrating experience with this platform.,Billing Issue
My transaction failed at checkout due to payment gateway error #62581.,Payment Issue
Filter dropdown is not functioning and freezes the browser tab. No one is addressing this despite multiple attempts.,Technical Issue
My subscription box for this month was never dispatched despite being charged. Please help resolve this immediately.,Delivery Issue
I was debited the international rate even though I was browsing from India.,Billing Issue
Real-time chat messages are not being delivered instantly. Kindly look into this issue at the earliest.,Technical Issue
Captcha on the user access my account page is constantly showing verification failed error. This is impacting my daily workflow severely.,Account Issue
Support agent was rude when I asked them to transfer me to a senior executive. I have already sent multiple emails without response.,Service Issue
I am unable to change my account username and security credentials. I expect a prompt resolution from the concerned department.,Account Issue
Delivery was scheduled for morning slot but arrived at 11 PM at night.,Delivery Issue
My written grievance letter sent via post was returned as undeliverable. Please look into this as soon as possible.,Service Issue
My account shows an incorrect subscription tier despite paying for premium.,Account Issue
Filter dropdown is not functioning and freezes the browser tab. I have already sent multiple emails without response.,Technical Issue
CSS layout breaks completely when the browser zoom exceeds 110 percent.,Technical Issue
I requested a manager callback three days ago but have received no follow-up. Urgent attention required for this critical issue.,Service Issue
Data synchronization between mobile app and web portal is failing constantly. Kindly escalate this to senior management.,Technical Issue
The application restarts automatically every time I navigate to the settings tab. Please fix this bug/issue as soon as possible.,Technical Issue
Billing department did not adjust the credit note on my current statement. Kindly look into this issue at the earliest.,Billing Issue
Invoice #79951 contains items that were out of stock and removed from my order.,Billing Issue
Security deposit of Rs 3500 was not reflected as credit in the final bill. Urgent attention required for this critical issue.,Billing Issue
Screen recording feature produces corrupted video output files. I need an immediate resolution or refund.,Technical Issue
I paid through debit card but received an SMS saying payment declined after deduction.,Payment Issue
Payment gateway keeps declining my card even though there are sufficient funds. I have already sent multiple emails without response.,Payment Issue
The price listed on the invoice #61068 is higher than the product listing price.,Billing Issue
The feedback submitted after service interaction is never acknowledged or acted upon. Please take necessary action to fix this.,Service Issue
All saved addresses in my account have disappeared after the app update.,Account Issue
Authentication token refresh is failing causing automatic logouts. Please fix this bug/issue as soon as possible.,Technical Issue
The courier broke a fragile electronic item by placing heavy boxes on top. Please fix this bug/issue as soon as possible.,Delivery Issue
My invoice displays an outdated billing address despite updating profile details. Please take necessary action to fix this.,Billing Issue
The service center technician did not show up for the scheduled home appointment. I have already sent multiple emails without response.,Service Issue
I am unable to complete transaction because the OTP keeps failing on every attempt. Looking forward to a quick resolution from your side.,Payment Issue
Staff at the local service center was unprofessional and refused service. This has happened multiple times this week.,Service Issue
Executive refused to escalate my grievance to higher tier management. I have already sent multiple emails without response.,Service Issue
Support portal rejects ticket creation and displays contact administrator message. This is impacting my daily workflow severely.,Service Issue
My organization admin removed my access but I should still have permissions. This is impacting my daily workflow severely.,Account Issue
Encountering database connection error during search query execution. No one is addressing this despite multiple attempts.,Technical Issue
Perishable goods arrived spoiled due to extensive courier transit delays. I have been facing this problem since yesterday.,Delivery Issue
My urgent medical supplies order delivery was delayed by 72 hours without notification.,Delivery Issue
No response from support team regarding my critical issue escalated last week. I have already sent multiple emails without response.,Service Issue
The early termination fee on my profile exceeds the contractual limit.,Billing Issue
My written grievance letter sent via post was returned as undeliverable. Kindly look into this issue at the earliest.,Service Issue
Cannot deactivate or delete my old account despite following instructions.,Account Issue
I have been billed for equipment rental even though I returned the device.,Billing Issue
Double billing on my monthly recurring statement for invoice #36624. No one is addressing this despite multiple attempts.,Billing Issue
Payment failed at the gateway checkout but amount was cut from my savings user account This has happened multiple times this week.,Payment Issue
My corporate billing account is receiving invoices for a personal user account charges. Looking forward to a quick resolution from your side.,Billing Issue
I am receiving a persistent JavaScript console error when clicking the submit button.,Technical Issue
Cashback and refund amount of Rs 150 not credited back to my account. This is impacting my daily workflow severely.,Payment Issue
I was debited for both the old and new plan during the same billing period. Kindly look into this issue at the earliest.,Billing Issue
Transaction ID 46458 shows success on bank portal but failed on the shopping site. Awaiting your prompt reply and action.,Payment Issue
Support told me to check my account but I cannot log in to do so.,Account Issue
I am unable to complete payment because the OTP keeps failing on every attempt.,Payment Issue
The interface suffers from severe memory leaks causing browser tab to crash.,Technical Issue
I cancelled my premium membership last month but was still billed for this billing cycle. Awaiting your prompt reply and action.,Billing Issue
NACH mandate deducted EMI from my account but the loan account isn't updated. Kindly investigate and provide an update today.,Payment Issue
Unsatisfactory response provided for warranty claim service request #25543.,Service Issue
Received phishing warning alert regarding compromised password on my account. Kindly escalate this to senior management.,Account Issue
Two-way sync between desktop and mobile keeps reverting changes. Awaiting your prompt reply and action.,Technical Issue
I paid the full amount but only half of the order was processed by the payment system.,Payment Issue
Order shipment #61684 is lost in transit and logistics support has no update.,Delivery Issue
The chat support bot is useless and loops around without connecting to a human agent. No one is addressing this despite multiple attempts.,Service Issue
Delivery executive demanded extra cash on delivery amount beyond invoice total. Kindly investigate and provide an update today.,Delivery Issue
The PWA does not install correctly on Android Chrome browser. Please fix this bug/issue as soon as possible.,Technical Issue
Dark pattern in settings made me accidentally close my account Please take necessary action to fix this.,Account Issue
My linked payment method was removed from the account without my authorization.,Account Issue
The app crashes with an uncaught null pointer exception when editing profile. I am extremely disappointed with the handling of this matter.,Technical Issue
Calendar widget fails to load available slots showing empty months. No one is addressing this despite multiple attempts.,Technical Issue
Authentication token refresh is failing causing automatic logouts.,Technical Issue
The PWA does not install correctly on Android Chrome browser.,Technical Issue
I noticed an unexpected hidden fee of Rs 7500 on my latest monthly bill. I have been facing this problem since yesterday.,Billing Issue
Barcode scanner freezes the device camera when scanning product codes.,Technical Issue
Login screen says account does not exist even though I registered yesterday. Kindly look into this issue at the earliest.,Account Issue
Cancellation fee was wrongly charged to my account after cancelling within free window. This is impacting my daily workflow severely.,Billing Issue
Estimated delivery date has been rescheduled 4 times without any explanation. This has happened multiple times this week.,Delivery Issue
My account has been blocked after 3 incorrect password attempts with no unlock option. Please fix this bug/issue as soon as possible.,Account Issue
The background location service crashes the app on battery saver mode. Looking forward to a quick resolution from your side.,Technical Issue
The delivery slot I selected was ignored and delivery attempted at wrong time. I have already sent multiple emails without response.,Delivery Issue
The support representative was extremely rude and unhelpful during our phone call.,Service Issue
Repeated follow-ups on complaint #52384 have been met with canned automated replies. Kindly investigate and provide an update today.,Service Issue
Repeated follow-ups on complaint #59425 have been met with canned automated replies. Looking forward to a quick resolution from your side.,Service Issue
Refund amount processed by seller is not reflecting in my linked bank account. I need an immediate resolution or refund.,Payment Issue
Two accounts exist for the same PAN number causing conflicts in the system. I need an immediate resolution or refund.,Account Issue
International card transaction was blocked but the amount was still reserved. Please fix this bug/issue as soon as possible.,Payment Issue
The complaint escalation matrix shared on website is completely non-functional. Please help resolve this immediately.,Service Issue
Print invoice button opens empty dialog box with no content inside.,Technical Issue
Two separate bills generated for a single service period causing confusion. Very frustrating experience with this platform.,Billing Issue
My account has been blocked after 3 incorrect password attempts with no unlock option.,Account Issue
I opted for a quarterly billing cycle but was charged monthly with higher rates.,Billing Issue
The application keeps crashing whenever I try to open the dashboard. I am extremely disappointed with the handling of this matter.,Technical Issue
Calendar widget fails to load available slots showing empty months.,Technical Issue
Extra charge of Rs 15499 added for expedited delivery that arrived late. I need an immediate resolution or refund.,Billing Issue
Security questions validation fails despite entering correct answers. Kindly escalate this to senior management.,Account Issue
Encountering database connection error during search query execution. Looking forward to a quick resolution from your side.,Technical Issue
Child account access cannot be authorized from parent account dashboard. Kindly investigate and provide an update today.,Account Issue
Delivery boy demanded delivery charges despite pre-paid order status. This has happened multiple times this week.,Delivery Issue
Received the completely wrong product instead of the item I originally ordered. No one is addressing this despite multiple attempts.,Delivery Issue
Package has been sitting at the local courier facility for 5 days without dispatch. Please look into this as soon as possible.,Delivery Issue
Payment was processed twice because the gateway page froze on the first attempt. Looking forward to a quick resolution from your side.,Payment Issue
Wrong pin code was printed on the label despite correct address in order details. I need an immediate resolution or refund.,Delivery Issue
The account dashboard is showing another user's personal information. I have been facing this problem since yesterday.,Account Issue
Bank shows payment successful but the utility company says dues are still pending. Please look into this as soon as possible.,Payment Issue
Billed for delivery charges even though my order qualified for free shipping. Please help resolve this immediately.,Billing Issue
I noticed an unexpected hidden fee of Rs 3500 on my latest monthly bill. Urgent attention required for this critical issue.,Billing Issue
The courier broke a fragile electronic item by placing heavy boxes on top. Kindly look into this issue at the earliest.,Delivery Issue
My package was marked as delivered on the tracker but I have not received it. Awaiting your prompt reply and action.,Delivery Issue
I received an empty box with packing material and no ordered goods inside. Please look into this as soon as possible.,Delivery Issue
I opted for a quarterly billing cycle but was charged monthly with higher rates. Looking forward to a quick resolution from your side.,Billing Issue
Support staff denied acknowledging the manufacturing defect in my product. I expect a prompt resolution from the concerned department.,Service Issue
My billing receipt has incorrect company details and wrong GST number.,Billing Issue
The interface suffers from severe memory leaks causing browser tab to crash. This has happened multiple times this week.,Technical Issue
Delivery executive demanded extra cash on order delivery amount beyond invoice total.,Delivery Issue
I was charged an extra convenience fee of Rs 15499 that was not mentioned before. Please take necessary action to fix this.,Billing Issue
The AWB number for my shipment is not trackable on any courier website. I expect a prompt resolution from the concerned department.,Delivery Issue
I cannot access my account to check my payment status.,Account Issue
I was given a replacement that is a lower model than my original defective product. Kindly investigate and provide an update today.,Service Issue
Amount Rs 499 is deducted from account but checkout session expired. I am extremely disappointed with the handling of this matter.,Payment Issue
Amount Rs 3500 is deducted from account but checkout session expired. Urgent attention required for this critical issue.,Payment Issue
Promised compensation or callback was never fulfilled by customer relations. Kindly investigate and provide an update today.,Service Issue
Cannot link my Google OAuth or Social sign in account with existing profile. Please take necessary action to fix this.,Account Issue
Perishable goods arrived spoiled due to extensive courier transit delays.,Delivery Issue
My saved card was auto-charged for a subscription I cancelled 2 months ago.,Payment Issue
The return pickup was scheduled but courier never arrived for collection.,Delivery Issue
The account age verification keeps failing despite submitting valid documents.,Account Issue
Unable to update my primary phone number and email address in account profile. Urgent attention required for this critical issue.,Account Issue
I did not receive any acknowledgement or receipt for my successful UPI payment. Very frustrating experience with this platform.,Payment Issue
Money was debited but delivery has not been initiated yet.,Payment Issue
Double deduction occurred on my bank account for single transaction #85156. Urgent attention required for this critical issue.,Payment Issue
I was charged the international rate even though I was browsing from India. Awaiting your prompt reply and action.,Billing Issue
The invoice shows an incorrect total amount that does not match the cart price. Kindly escalate this to senior management.,Billing Issue
customer service executive gave conflicting instructions causing further confusion. Please take necessary action to fix this.,Service Issue
The app is stuck on the infinite loading spinner on the home screen. I have already sent multiple emails without response.,Technical Issue
My monthly subscription auto-renewed and billed my account without any prior reminder. Please fix this bug/issue as soon as possible.,Billing Issue
My card was charged twice for the exact same order invoice. Awaiting your prompt reply and action.,Billing Issue
Duplicate invoice generated for account #51777 resulting in duplicate bank charges. Awaiting your prompt reply and action.,Billing Issue
The account shows logged in from multiple devices I don't own. Looking forward to a quick resolution from your side.,Account Issue
The amount Rs 15499 was charged to my card but the transaction status shows incomplete. Please look into this as soon as possible.,Payment Issue
The app crashes with an uncaught null pointer exception when editing profile.,Technical Issue
Repeated follow-ups on complaint #23824 have been met with canned automated replies. I need an immediate resolution or refund.,Service Issue
Unable to update my primary phone number and email address in profile profile.,Account Issue
My address was on the package label but the shipment went to another city entirely. Please take necessary action to fix this.,Delivery Issue
Courier delivery executive claimed 'Customer not available' without attempting delivery or calling. Kindly look into this issue at the earliest.,Delivery Issue
I forgot my account password and cannot access the registered recovery email. I need an immediate resolution or refund.,Account Issue
Dark pattern in settings made me accidentally close my account.,Account Issue
The delivery partner refused to allow open box inspection as promised. Kindly escalate this to senior management.,Delivery Issue
Package #94985 was returned to sender without my consent or any delivery attempt. Awaiting your prompt reply and action.,Delivery Issue
Bank statement shows deduction of Rs 499 but order history is empty. Please take necessary action to fix this.,Payment Issue
Tampered packaging received with broken seal and missing electronic items.,Delivery Issue
My minor child account was auto-upgraded to adult without parental consent.,Account Issue
Calendar widget fails to load available slots showing empty months. This is impacting my daily workflow severely.,Technical Issue
customer service agent was rude when I asked them to transfer me to a senior executive. Please take necessary action to fix this.,Service Issue
No response from support team regarding my critical issue escalated last week.,Service Issue
I was not informed about the service charge increase before my renewal date. Kindly investigate and provide an update today.,Billing Issue
I was not informed about the service charge increase before my renewal date.,Billing Issue
Customer care email address is bouncing back with mailbox quota exceeded. I expect a prompt resolution from the concerned department.,Service Issue
My organization admin removed my access but I should still have permissions. Please help resolve this immediately.,Account Issue
My card was billed twice for the exact same order billing statement I expect a prompt resolution from the concerned department.,Billing Issue
I was not given any delivery OTP prompt and the item was handed to someone else. I expect a prompt resolution from the concerned department.,Delivery Issue
Recurring credit card charge occurred after I explicitly cancelled the renewal.,Billing Issue
The application crashes whenever a push notification arrives. This is unacceptable service and needs urgent escalation.,Technical Issue
Security deposit of Rs 15499 was not reflected as credit in the final bill. Please take necessary action to fix this.,Billing Issue
I was deducted an unexplained fee labelled miscellaneous charges on my statement. This is unacceptable service and needs urgent escalation.,Billing Issue
Unable to merge my duplicate user profiles registered under the same email. This is impacting my daily workflow severely.,Account Issue
Data export function generates empty CSV files without content. Urgent attention required for this critical issue.,Technical Issue
Account recovery team has not responded to my identity verification ticket #29078. Looking forward to a quick resolution from your side.,Account Issue
Discount promo code was applied at checkout but invoice billed full price without discount. I have already sent multiple emails without response.,Billing Issue
The chat support bot is useless and loops around without connecting to a human agent. This is unacceptable service and needs urgent escalation.,Service Issue
My grievance ticket #21415 was marked as resolved without any solution provided. Please take necessary action to fix this.,Service Issue
Unable to merge my duplicate user profiles registered under the same email. Looking forward to a quick resolution from your side.,Account Issue
My grievance ticket #21146 was marked as resolved without any solution provided. No one is addressing this despite multiple attempts.,Service Issue
Evening shift customer support provides completely different answers than morning shift. I have been facing this problem since yesterday.,Service Issue
I was billed twice for annual maintenance fee on invoice #83464.,Billing Issue
Cannot link my Google OAuth or Social Login account with existing profile. I have been facing this problem since yesterday.,Account Issue
Payment gateway keeps declining my card even though there are sufficient funds. This has happened multiple times this week.,Payment Issue
I did not receive any acknowledgement or receipt for my successful UPI payment Urgent attention required for this critical issue.,Payment Issue
Tracking status has been stuck at 'In Transit' for over 10 consecutive days. I have been facing this problem since yesterday.,Delivery Issue
The money was deducted via PhonePe but the cart emptied without confirmation. Please fix this bug/issue as soon as possible.,Payment Issue
Captcha on the user login page is constantly showing verification failed error. I expect a prompt resolution from the concerned department.,Account Issue
Session expires abruptly within 30 seconds of logging into the portal. Please look into this as soon as possible.,Technical Issue
The application crashes whenever a push notification arrives. I have been facing this problem since yesterday.,Technical Issue
KYC document verification is stuck in pending review status for two weeks.,Account Issue
Courier company marked fake parcel attempt stating wrong address provided. Kindly look into this issue at the earliest.,Delivery Issue
Express shipping paid for next-day delivery took over a week to arrive. Please fix this bug/issue as soon as possible.,Delivery Issue
Refund for cancelled order #72070 is not credited to my original transfer method. I need an immediate resolution or refund.,Payment Issue
I paid the full amount but only half of the order was processed by the payment system. I am extremely disappointed with the handling of this matter.,Payment Issue
The map integration on the delivery tracking page shows a blank tile. Kindly investigate and provide an update today.,Technical Issue
My reward points were debited but the payment still deducted full amount. No one is addressing this despite multiple attempts.,Payment Issue
The map integration on the delivery tracking page shows a blank tile.,Technical Issue
Customer care supervisor refused to provide refund confirmation in writing. This is unacceptable service and needs urgent escalation.,Service Issue
Image upload fails with error code 413 payload too large for small photos.,Technical Issue
I was not given any shipment OTP prompt and the item was handed to someone else. I have already sent multiple emails without response.,Delivery Issue
profile recovery team has not responded to my identity verification ticket #79178. Please look into this as soon as possible.,Account Issue
The checkout button is greyed out and unclickable despite filling all fields. No one is addressing this despite multiple attempts.,Technical Issue
No response from support team regarding my critical issue escalated last week. I expect a prompt resolution from the concerned department.,Service Issue
Order delivered to an unknown neighbor without contacting me for an OTP. This has happened multiple times this week.,Delivery Issue
The package arrived severely damaged with broken contents inside the box.,Delivery Issue
The payment failed message appeared but my bank balance reduced significantly.,Payment Issue
My account was locked right after I made a payment.,Account Issue
The AWB number for my shipment is not trackable on any courier website.,Delivery Issue
Payment was processed twice because the gateway page froze on the first attempt. Kindly look into this issue at the earliest.,Payment Issue
My monthly subscription auto-renewed and billed my account without any prior reminder. Very frustrating experience with this platform.,Billing Issue
Biometric fingerprint login fails repeatedly and prompts for password reset. No one is addressing this despite multiple attempts.,Account Issue
Received invoice #76809 with wrong product description and wrong unit price.,Billing Issue
Cancellation fee was wrongly charged to my account after cancelling within free window. Please fix this bug/issue as soon as possible.,Billing Issue
Refund amount processed by seller is not reflecting in my linked bank account. Kindly escalate this to senior management.,Payment Issue
Service team failed to fix the same issue after 3 separate visits. I expect a prompt resolution from the concerned department.,Service Issue
I have been billed for equipment rental even though I returned the device. I have already sent multiple emails without response.,Billing Issue
Refund amount processed by seller is not reflecting in my linked bank account. I have already sent multiple emails without response.,Payment Issue
Cannot complete mandatory two-step verification because SMS gateway is failing.,Account Issue
My corporate billing account is receiving invoices for a personal account charges. Looking forward to a quick resolution from your side.,Billing Issue
The service center technician did not show up for the scheduled home appointment.,Service Issue
The money was deducted via PhonePe but the cart emptied without confirmation. Kindly look into this issue at the earliest.,Payment Issue
Data synchronization between mobile app and web portal is failing constantly. Please help resolve this immediately.,Technical Issue
The chat support bot is useless and loops around without connecting to a human agent. Looking forward to a quick resolution from your side.,Service Issue
I was not informed about the service charge increase before my renewal date. I expect a prompt resolution from the concerned department.,Billing Issue
My cold chain shipment arrived at room temperature and is unsafe to consume. Very frustrating experience with this platform.,Delivery Issue
Captcha on the user login page is constantly showing verification failed error.,Account Issue
The application restarts automatically every time I navigate to the settings tab. I expect a prompt resolution from the concerned department.,Technical Issue
Real-time chat messages are not being delivered instantly. I have already sent multiple emails without response.,Technical Issue
Service engineer arrived 4 hours late without prior notification. Please look into this as soon as possible.,Service Issue
"My credit card was charged for transaction 78955, but no order receipt was generated.",Payment Issue
CSS layout breaks completely when the browser zoom exceeds 110 percent. I have been facing this problem since yesterday.,Technical Issue
The payment gateway fails specifically on the billing summary page.,Technical Issue
Real-time chat messages are not being delivered instantly. Very frustrating experience with this platform.,Technical Issue
I cannot initiate a refund because the money back option is disabled for my order.,Payment Issue
The chat support bot is useless and loops around without connecting to a human agent. Kindly escalate this to senior management.,Service Issue
Terrible after-sales customer service with zero accountability for product defects. I expect a prompt resolution from the concerned department.,Service Issue
The feedback submitted after service interaction is never acknowledged or acted upon. Kindly investigate and provide an update today.,Service Issue
My order was cancelled automatically and I was still billed.,Billing Issue
"I requested a refund 7 days ago for a failed payment, still haven't received my money back. This is unacceptable service and needs urgent escalation.",Payment Issue
My wishlist and cart were emptied without any action from my side. No one is addressing this despite multiple attempts.,Account Issue
helpdesk agent abruptly disconnected the live chat session while I was typing. Awaiting your prompt reply and action.,Service Issue
Cancellation fee was wrongly debited to my account after cancelling within free window. Kindly look into this issue at the earliest.,Billing Issue
The early termination fee on my account exceeds the contractual limit. This is impacting my daily workflow severely.,Billing Issue
Courier delivery executive claimed 'Customer not available' without attempting package or calling.,Delivery Issue
My account was suspended without any reason or violation notice.,Account Issue
Discrepancy in billing: invoice total is Rs 7500 while order total was different. I expect a prompt resolution from the concerned department.,Billing Issue
My account was merged with a different user account without my permission. Kindly escalate this to senior management.,Account Issue
My account was merged with a different user account without my permission. I have already sent multiple emails without response.,Account Issue
I received a notification of an unauthorized login to my account from an unknown IP.,Account Issue
Customer service representative provided inaccurate and misleading information. Kindly look into this issue at the earliest.,Service Issue
Unsatisfactory response provided for warranty claim service request #33536.,Service Issue
Push notifications are not appearing even with all permissions granted. Kindly investigate and provide an update today.,Technical Issue
Phone number used for account verification is no longer accessible to me.,Account Issue
My written grievance letter sent via post was returned as undeliverable. Please help resolve this immediately.,Service Issue
The delivery partner refused to allow open box inspection as promised. Kindly look into this issue at the earliest.,Delivery Issue
The feedback submitted after service interaction is never acknowledged or acted upon. I am extremely disappointed with the handling of this matter.,Service Issue
Data synchronization between mobile app and web portal is failing constantly.,Technical Issue
UI buttons are unresponsive and misaligned on mobile screen resolution. Kindly look into this issue at the earliest.,Technical Issue
Support agent was rude when I asked them to transfer me to a senior executive. No one is addressing this despite multiple attempts.,Service Issue
I was billed twice for annual maintenance fee on invoice #34881. Awaiting your prompt reply and action.,Billing Issue
Remote diagnostic tool used by support staff caused data loss on my device.,Service Issue
Invoice #57303 contains items that were out of stock and removed from my order. Please take necessary action to fix this.,Billing Issue
Card payment gateway timeout caused double charging on the same invoice. This has happened multiple times this week.,Payment Issue
My reward points were debited but the payment still charged full amount.,Payment Issue
Courier delivery executive claimed 'Customer not available' without attempting delivery or calling.,Delivery Issue
The oversize item was refused delivery by the apartment security with no resolution. This is unacceptable service and needs urgent escalation.,Delivery Issue
The heavy furniture item was left in the lobby and not assembled as promised. Please take necessary action to fix this.,Delivery Issue
Cashback and refund amount of Rs 999 not credited back to my account. Please look into this as soon as possible.,Payment Issue
Cannot link my Google OAuth or Social log in account with existing profile.,Account Issue
Auto-complete suggestion dropdown appears behind other page elements.,Technical Issue
No acknowledgment email or ticket number sent after submitting help form.,Service Issue
Calendar widget fails to load available slots showing empty months. Kindly investigate and provide an update today.,Technical Issue
The account dashboard is showing another user's personal information. Looking forward to a quick resolution from your side.,Account Issue
Form validation error appears even when all mandatory input fields are correctly filled.,Technical Issue
The AWB number for my shipment is not trackable on any courier website. Looking forward to a quick resolution from your side.,Delivery Issue
Extra charge of Rs 150 added for expedited delivery that arrived late. Urgent attention required for this critical issue.,Billing Issue
Tax calculation on my invoice is erroneous and exceeds the standard GST percentage. I have already sent multiple emails without response.,Billing Issue
International card transaction was blocked but the amount was still reserved.,Payment Issue
My employer reimbursement invoice is missing the required company GST number. I am extremely disappointed with the handling of this matter.,Billing Issue
The service center technician did not show up for the scheduled home appointment. This is unacceptable service and needs urgent escalation.,Service Issue
Search bar on the web application is broken and returns no results for any query. Urgent attention required for this critical issue.,Technical Issue
Cannot unlink old mobile number from my registered user profile. Urgent attention required for this critical issue.,Account Issue
Received the completely wrong product instead of the item I originally ordered. Please take necessary action to fix this.,Delivery Issue
I made a payment via Apple Pay and the money was deducted without an order confirmation. This is unacceptable service and needs urgent escalation.,Payment Issue
The app freezes on the splash screen and never loads past the logo animation.,Technical Issue
The refund initiated 10 days back hasn't appeared in my bank statement yet. I have already sent multiple emails without response.,Payment Issue
My account was merged with a different user account without my permission.,Account Issue
The checkout button is greyed out and unclickable despite filling all fields. I am extremely disappointed with the handling of this matter.,Technical Issue
My Paytm wallet was debited twice for a single order purchase. No one is addressing this despite multiple attempts.,Payment Issue
The billing page crashes every time I try to view my invoice.,Technical Issue
Cashback and refund amount of Rs 15499 not credited back to my account. I need an immediate resolution or refund.,Payment Issue
I cannot login to my account and password reset link is not being sent. I have been facing this problem since yesterday.,Account Issue
Search bar on the web application is broken and returns no results for any query. Awaiting your prompt reply and action.,Technical Issue
Platform fee deducted from my seller payout without prior disclosure. This has happened multiple times this week.,Billing Issue
Payment gateway error: transaction was debited but vendor claims deduction is unreceived.,Payment Issue
Rupay card payment declined repeatedly even after bank confirmed no issues. Kindly escalate this to senior management.,Payment Issue
Incorrect surge pricing added to my final billing statement without notification.,Billing Issue
Password reset token expired error shown immediately upon clicking reset link. Urgent attention required for this critical issue.,Account Issue
My billing cycle date changed without notification causing mid-month deduction. I expect a prompt resolution from the concerned department.,Billing Issue
The social media support team takes 5 days to reply to direct messages. Very frustrating experience with this platform.,Service Issue
The web dashboard does not load data charts and shows an empty canvas. Kindly investigate and provide an update today.,Technical Issue
My address was on the package label but the shipment went to another city entirely. Kindly investigate and provide an update today.,Delivery Issue
I cannot login to my account and password reset link is not being sent.,Account Issue
The application keeps crashing whenever I try to open the dashboard. Awaiting your prompt reply and action.,Technical Issue
Tax calculation on my invoice is erroneous and exceeds the standard GST percentage. This is impacting my daily workflow severely.,Billing Issue
The automated IVR system disconnects my call after selecting the correct option. Kindly investigate and provide an update today.,Service Issue
Amount Rs 3500 is deducted from account but checkout session expired. Kindly look into this issue at the earliest.,Payment Issue
Payment transfer failed halfway and my funds are currently stuck in escrow.,Payment Issue
I am receiving a persistent JavaScript console error when clicking the submit button. No one is addressing this despite multiple attempts.,Technical Issue
The payment failed message appeared but my bank balance reduced significantly. I have been facing this problem since yesterday.,Payment Issue
Parcel was left unattended outside my gate in the rain and got ruined. Kindly look into this issue at the earliest.,Delivery Issue
Login screen says account does not exist even though I registered yesterday. Very frustrating experience with this platform.,Account Issue
"Debit card OTP was submitted successfully, money deducted, yet payment marked as failed. Awaiting your prompt reply and action.",Payment Issue
The courier broke a fragile electronic item by placing heavy boxes on top. I need an immediate resolution or refund.,Delivery Issue
Refund amount processed by seller is not reflecting in my linked bank account. Kindly investigate and provide an update today.,Payment Issue
The mobile app crashes immediately after I enter my login credentials. Kindly look into this issue at the earliest.,Technical Issue
Customer relationship executive promised a resolution within 24 hours but failed. Please take necessary action to fix this.,Service Issue
Staff at the local service center was unprofessional and refused service. Awaiting your prompt reply and action.,Service Issue
Page fails to render correctly on Google Chrome browser with blank white screen. Please look into this as soon as possible.,Technical Issue
NACH mandate deducted EMI from my account but the loan account isn't updated. No one is addressing this despite multiple attempts.,Payment Issue
No response from customer care team regarding my critical issue escalated last week.,Service Issue
The application keeps crashing whenever I try to open the dashboard. Please help resolve this immediately.,Technical Issue
My billing statement shows charges from your company that I did not authorize.,Billing Issue
My employer reimbursement invoice is missing the required company GST number. Kindly look into this issue at the earliest.,Billing Issue
Two-factor authentication 2FA code generated by authenticator app is rejected as invalid. Please fix this bug/issue as soon as possible.,Account Issue
Initiated refund for transaction #92242 is still pending after two weeks. No one is addressing this despite multiple attempts.,Payment Issue
Dark pattern in settings made me accidentally close my account. This is impacting my daily workflow severely.,Account Issue
Two out of four ordered items were missing from an otherwise sealed carton.,Delivery Issue
The account dashboard is showing another user's personal information. Kindly escalate this to senior management.,Account Issue
Payment gateway keeps declining my card even though there are sufficient funds.,Payment Issue
Payment gateway keeps declining my card even though there are sufficient funds. Please take necessary action to fix this.,Payment Issue
Checkout page showed transaction error but bank sent deduction alert immediately. Please take necessary action to fix this.,Payment Issue
Cannot deactivate or delete my old profile despite following instructions. I am extremely disappointed with the handling of this matter.,Account Issue
The map integration on the delivery tracking page shows a blank tile. I need an immediate resolution or refund.,Technical Issue
The return pickup was scheduled but courier never arrived for collection. This is impacting my daily workflow severely.,Delivery Issue
Live agent keeps transferring my call between departments without resolution.,Service Issue
Customer support is not responding to any of my emails or support tickets.,Service Issue
The mobile app crashes immediately after I enter my login credentials. This is unacceptable service and needs urgent escalation.,Technical Issue
Encountering database connection error during search query execution. I have already sent multiple emails without response.,Technical Issue
I did not receive any acknowledgement or receipt for my successful UPI payment.,Payment Issue
I forgot my account password and cannot access the registered recovery email. Please fix this bug/issue as soon as possible.,Account Issue
Security questions validation fails despite entering correct answers. Kindly investigate and provide an update today.,Account Issue
All saved addresses in my account have disappeared after the app update. Please help resolve this immediately.,Account Issue
customer service agent was rude when I asked them to transfer me to a senior executive.,Service Issue
My billing statement shows charges from your company that I did not authorize. This is unacceptable service and needs urgent escalation.,Billing Issue
I cannot login to my user account and password reset link is not being sent. Looking forward to a quick resolution from your side.,Account Issue
support agent was rude when I asked them to transfer me to a senior executive. Looking forward to a quick resolution from your side.,Service Issue
I cancelled my premium membership last month but was still billed for this billing cycle. Kindly look into this issue at the earliest.,Billing Issue
File attachment in the support ticket form fails with unknown mime error.,Technical Issue
Received invoice #44282 with wrong product description and wrong unit price.,Billing Issue
My organization admin removed my access but I should still have permissions. This is unacceptable service and needs urgent escalation.,Account Issue
Representative spoke in a dismissive tone and refused to log formal complaint. Urgent attention required for this critical issue.,Service Issue
The mobile app crashes immediately after I enter my login credentials.,Technical Issue
Billed for delivery charges even though my order qualified for free shipping.,Billing Issue
Tampered packaging received with broken seal and missing electronic items. Very frustrating experience with this platform.,Delivery Issue
Payment gateway error: transaction was debited but vendor claims payment is unreceived.,Payment Issue
I made a payment via Apple Pay and the money was deducted without an order confirmation. I am extremely disappointed with the handling of this matter.,Payment Issue
The delivery partner refused to allow open box inspection as promised. Please take necessary action to fix this.,Delivery Issue
All saved addresses in my user account have disappeared after the app update.,Account Issue
Two-way sync between desktop and mobile keeps reverting changes. Please look into this as soon as possible.,Technical Issue
NACH mandate deducted EMI from my account but the loan account isn't updated. This has happened multiple times this week.,Payment Issue
I noticed an unexpected hidden fee of Rs 4999 on my latest monthly bill. This is unacceptable service and needs urgent escalation.,Billing Issue
Incompetent customer care staff unable to comprehend basic product troubleshooting questions. Very frustrating experience with this platform.,Service Issue
Invoice #30332 contains items that were out of stock and removed from my order. I have been facing this problem since yesterday.,Billing Issue
The profile age verification keeps failing despite submitting valid documents.,Account Issue
Shipment was dispatched to the wrong distribution hub in a different state. Very frustrating experience with this platform.,Delivery Issue
Incorrect surge pricing added to my final receipt without notification. Awaiting your prompt reply and action.,Billing Issue
OTP verification code is not being received on my registered mobile number. Kindly look into this issue at the earliest.,Account Issue
Re-registration was attempted but system says account already exists with same info.,Account Issue
The account age verification keeps failing despite submitting valid documents. Awaiting your prompt reply and action.,Account Issue
Customer service denied my claim citing a clause not present in my agreement.,Service Issue
I was placed in a feedback survey loop instead of being connected to support. I need an immediate resolution or refund.,Service Issue
The map navigation feature shows roads that no longer exist. I am extremely disappointed with the handling of this matter.,Technical Issue
Remote diagnostic tool used by customer care staff caused data loss on my device. Kindly escalate this to senior management.,Service Issue
package boy demanded delivery charges despite pre-paid order status.,Delivery Issue
Two accounts exist for the same PAN number causing conflicts in the system. Please take necessary action to fix this.,Account Issue
The mobile app crashes immediately after I enter my login credentials. No one is addressing this despite multiple attempts.,Technical Issue
I was not informed about the service charge increase before my renewal date. I have been facing this problem since yesterday.,Billing Issue
Parcel was left unattended outside my gate in the rain and got ruined.,Delivery Issue
OTP verification code is not being received on my registered mobile number.,Account Issue
Service engineer arrived 4 hours late without prior notification. Kindly investigate and provide an update today.,Service Issue
Discrepancy in billing: invoice total is Rs 2499 while order total was different.,Billing Issue
Page fails to render correctly on Google Chrome browser with blank white screen.,Technical Issue
I am unable to complete payment because the OTP keeps failing on every attempt. I need an immediate resolution or refund.,Payment Issue
The social media helpdesk team takes 5 days to reply to direct messages.,Service Issue
Received phishing warning alert regarding compromised password on my profile I expect a prompt resolution from the concerned department.,Account Issue
Auto-complete suggestion dropdown appears behind other page elements. Looking forward to a quick resolution from your side.,Technical Issue
Support executive gave conflicting instructions causing further confusion. Kindly escalate this to senior management.,Service Issue
Estimated delivery date has been rescheduled 4 times without any explanation. Kindly investigate and provide an update today.,Delivery Issue
Refund for cancelled order #76698 is not credited to my original payment method. Please fix this bug/issue as soon as possible.,Payment Issue
App crashes on startup after the latest update was installed.,Technical Issue
The courier agent delivered my parcel to the wrong address in another street. Please look into this as soon as possible.,Delivery Issue
Courier company marked fake delivery attempt stating wrong address provided. I have already sent multiple emails without response.,Delivery Issue
Credit card charge went through successfully but order was marked as unpaid. Kindly investigate and provide an update today.,Payment Issue
My linked transfer method was removed from the account without my authorization. This is impacting my daily workflow severely.,Account Issue
Remote diagnostic tool used by helpdesk staff caused data loss on my device.,Service Issue
The application restarts automatically every time I navigate to the settings tab.,Technical Issue
I forgot my account password and cannot access the registered recovery email. I have been facing this problem since yesterday.,Account Issue
Cannot unlink old mobile number from my registered user profile. I have been facing this problem since yesterday.,Account Issue
Security questions validation fails despite entering correct answers. Please take necessary action to fix this.,Account Issue
International card transaction was blocked but the amount was still reserved. This is unacceptable service and needs urgent escalation.,Payment Issue
receipt #57026 contains items that were out of stock and removed from my order. No one is addressing this despite multiple attempts.,Billing Issue
User account permissions were unexpectedly revoked by the system. Very frustrating experience with this platform.,Account Issue
Session expires abruptly within 30 seconds of logging into the portal. Kindly escalate this to senior management.,Technical Issue
My reward points were debited but the payment still charged full amount. I have been facing this problem since yesterday.,Payment Issue
I cannot initiate a credit because the refund option is disabled for my order.,Payment Issue
Web page freezes completely when attempting to upload documents. Please take necessary action to fix this.,Technical Issue
App crashes when switching between portrait and landscape orientation. Awaiting your prompt reply and action.,Technical Issue
I cancelled my premium membership last month but was still billed for this billing cycle. This is impacting my daily workflow severely.,Billing Issue
Account recovery team has not responded to my identity verification ticket #56041.,Account Issue
Web page freezes completely when attempting to upload documents. Awaiting your prompt reply and action.,Technical Issue
shipment was scheduled for morning slot but arrived at 11 PM at night. Urgent attention required for this critical issue.,Delivery Issue
The application crashes on iOS version 17 when accessing camera permissions. This is unacceptable service and needs urgent escalation.,Technical Issue
Unsatisfactory response provided for warranty claim service request #96019.,Service Issue
Courier delivery executive claimed 'Customer not available' without attempting delivery or calling. Please take necessary action to fix this.,Delivery Issue
I was not given any shipment OTP prompt and the item was handed to someone else.,Delivery Issue
Customer support agent closed the live dispute without customer consent. Kindly look into this issue at the earliest.,Service Issue
Remote diagnostic tool used by support staff caused data loss on my device. Please take necessary action to fix this.,Service Issue
Cashback and refund amount of Rs 2499 not credited back to my user account,Payment Issue
Password reset token expired error shown immediately upon clicking reset link. Kindly look into this issue at the earliest.,Account Issue
GST invoice not generated despite repeated requests to the billing department. Kindly investigate and provide an update today.,Billing Issue
The discount applied at sales time is not reflected in the final tax invoice. I need an immediate resolution or refund.,Billing Issue
I did not receive any acknowledgement or receipt for my successful UPI transaction Very frustrating experience with this platform.,Payment Issue
My wishlist and cart were emptied without any action from my side.,Account Issue
I was charged an unexplained fee labelled miscellaneous charges on my statement.,Billing Issue
Courier shipment executive claimed 'Customer not available' without attempting order delivery or calling.,Delivery Issue
Customer relationship executive promised a resolution within 24 hours but failed. This is unacceptable service and needs urgent escalation.,Service Issue
User account permissions were unexpectedly revoked by the system.,Account Issue
Incorrect penalty fee added for data overage that did not actually occur. I have already sent multiple emails without response.,Billing Issue
Payme transfer of Rs 1250 shows pending on both sender and receiver ends. Please fix this bug/issue as soon as possible.,Payment Issue
I made a payment via Apple Pay and the money was deducted without an order confirmation. This has happened multiple times this week.,Payment Issue
My international parcel is stuck in customs for 3 weeks with no update.,Delivery Issue
Voice input feature fails to initialize audio stream on Android app.,Technical Issue
Delivery agent was rude and refused to deliver the parcel to my doorstep. Please take necessary action to fix this.,Delivery Issue
"I requested a credit 7 days ago for a failed payment, still haven't received my money back.",Payment Issue
Discrepancy in billing: bill total is Rs 10000 while order total was different.,Billing Issue
Courier delivery executive claimed 'Customer not available' without attempting delivery or calling. This has happened multiple times this week.,Delivery Issue
The onsite technician visit was charged despite the product being under warranty.,Service Issue
Incompetent support staff unable to comprehend basic product troubleshooting questions. Please take necessary action to fix this.,Service Issue
The delivery slot I selected was ignored and delivery attempted at wrong time.,Delivery Issue
No response from support team regarding my critical issue escalated last week. I need an immediate resolution or refund.,Service Issue
My billing statement shows charges from your company that I did not authorize. Urgent attention required for this critical issue.,Billing Issue
The PWA does not install correctly on Android Chrome browser. Please take necessary action to fix this.,Technical Issue
My account profile data and saved preferences vanished after recent update. Kindly escalate this to senior management.,Account Issue
Annual plan was purchased but monthly charges continue to appear on statement. I am extremely disappointed with the handling of this matter.,Billing Issue
The early termination fee on my account exceeds the contractual limit. Very frustrating experience with this platform.,Billing Issue
KYC document verification is stuck in pending review status for two weeks. This has happened multiple times this week.,Account Issue
Received phishing warning alert regarding compromised password on my account. Very frustrating experience with this platform.,Account Issue
Checkout page showed transaction error but bank sent deduction alert immediately. Kindly look into this issue at the earliest.,Payment Issue
Login screen says account does not exist even though I registered yesterday.,Account Issue
Payment failed at the gateway checkout but amount was cut from my savings account. Kindly look into this issue at the earliest.,Payment Issue
The profile shows logged in from multiple devices I don't own. Very frustrating experience with this platform.,Account Issue
I was charged the international rate even though I was browsing from India.,Billing Issue
Package has been sitting at the local courier facility for 5 days without dispatch.,Delivery Issue
Amount Rs 150 is deducted from account but checkout session expired. Awaiting your prompt reply and action.,Payment Issue
The application crashes on iOS version 17 when accessing camera permissions. I have been facing this problem since yesterday.,Technical Issue
Registered email address has a typo and I cannot verify my new user account. I expect a prompt resolution from the concerned department.,Account Issue
Amount Rs 3500 is deducted from account but checkout session expired. This is impacting my daily workflow severely.,Payment Issue
"My credit card was charged for transaction 52906, but no order receipt was generated.",Payment Issue
The feedback submitted after service interaction is never acknowledged or acted upon.,Service Issue
Estimated delivery date has been rescheduled 4 times without any explanation. Looking forward to a quick resolution from your side.,Delivery Issue
The app is stuck on the infinite loading spinner on the home screen. I expect a prompt resolution from the concerned department.,Technical Issue
CSS layout breaks completely when the browser zoom exceeds 110 percent. Awaiting your prompt reply and action.,Technical Issue
The delivery slot I selected was ignored and delivery attempted at wrong time. This is impacting my daily workflow severely.,Delivery Issue
Refund for cancelled order #79176 is not credited to my original payment method. This has happened multiple times this week.,Payment Issue
I was billed for an additional service that I never opted in or subscribed for. Please fix this bug/issue as soon as possible.,Billing Issue
My monthly subscription auto-renewed and billed my user account without any prior reminder.,Billing Issue
Notification badge is stuck showing 99+ unread messages that cannot be cleared. Awaiting your prompt reply and action.,Technical Issue
customer care agent abruptly disconnected the live chat session while I was typing. I am extremely disappointed with the handling of this matter.,Service Issue
Voice input feature fails to initialize audio stream on Android app. Please take necessary action to fix this.,Technical Issue
Payme transfer of Rs 2499 shows pending on both sender and receiver ends. Very frustrating experience with this platform.,Payment Issue
The delivery partner refused to allow open box inspection as promised. Kindly investigate and provide an update today.,Delivery Issue
I requested a manager callback three days ago but have received no follow-up. Please look into this as soon as possible.,Service Issue
My wishlist and cart were emptied without any action from my side. Looking forward to a quick resolution from your side.,Account Issue
Order shipment #28558 is lost in transit and logistics support has no update.,Delivery Issue
The app crashes with an uncaught null pointer exception when editing profile. Kindly escalate this to senior management.,Technical Issue
Delivery agent was rude and refused to deliver the parcel to my doorstep.,Delivery Issue
My wishlist and cart were emptied without any action from my side. I need an immediate resolution or refund.,Account Issue
Waited on customer helpline on hold for over 45 minutes and the call got disconnected. This has happened multiple times this week.,Service Issue
Incompetent support staff unable to comprehend basic product troubleshooting questions.,Service Issue
I made an IMPS transfer but the beneficiary account didn't receive the money. I am extremely disappointed with the handling of this matter.,Payment Issue
Parcel was left unattended outside my gate in the rain and got ruined. Very frustrating experience with this platform.,Delivery Issue
Payment processing failed during merchant authorization but money left my account.,Payment Issue
Video call feature drops connection every two minutes with codec error.,Technical Issue
Order delivered to an unknown neighbor without contacting me for an OTP. Please look into this as soon as possible.,Delivery Issue
No acknowledgment email or ticket number sent after submitting help form. I need an immediate resolution or refund.,Service Issue
I did not receive any acknowledgement or receipt for my successful UPI payment. I have already sent multiple emails without response.,Payment Issue
The replacement phone arrived with cosmetic damage from poor packaging.,Delivery Issue
Package #44079 was returned to sender without my consent or any delivery attempt.,Delivery Issue
Unsatisfactory response provided for warranty claim service request #37521.,Service Issue
Parcel was left unattended outside my gate in the rain and got ruined. This has happened multiple times this week.,Delivery Issue
The account shows logged in from multiple devices I don't own. No one is addressing this despite multiple attempts.,Account Issue
The account age verification keeps failing despite submitting valid documents. Kindly investigate and provide an update today.,Account Issue
Card payment gateway timeout caused double charging on the same invoice I need an immediate resolution or refund.,Payment Issue
My drone package dropped the package in the wrong GPS coordinates location.,Delivery Issue
My corporate billing account is receiving invoices for a personal account charges. Please help resolve this immediately.,Billing Issue
I was charged for both the old and new plan during the same billing period. Kindly look into this issue at the earliest.,Billing Issue
package executive demanded extra cash on delivery amount beyond bill total. Kindly look into this issue at the earliest.,Delivery Issue
I changed my registered email but still receiving OTP on the old email address. Awaiting your prompt reply and action.,Account Issue
Cannot unlink old mobile number from my registered user profile.,Account Issue
I cannot initiate a refund because the reimbursement option is disabled for my order.,Payment Issue
Received invoice #99126 with wrong product description and wrong unit price.,Billing Issue
The courier agent delivered my parcel to the wrong address in another street. I have been facing this problem since yesterday.,Delivery Issue
My reward points were debited but the payment still charged full amount. This is unacceptable service and needs urgent escalation.,Payment Issue
The payment failed message appeared but my bank balance reduced significantly. I have already sent multiple emails without response.,Payment Issue
My payment was deducted but the order was not confirmed.,Payment Issue
Shipment was dispatched to the wrong distribution hub in a different state.,Delivery Issue
App crashes when switching between portrait and landscape orientation. I have already sent multiple emails without response.,Technical Issue
Payment gateway keeps declining my card even though there are sufficient funds. I have been facing this problem since yesterday.,Payment Issue
Recurring credit card charge occurred after I explicitly cancelled the renewal. Urgent attention required for this critical issue.,Billing Issue
The service center technician did not show up for the scheduled home appointment. I have been facing this problem since yesterday.,Service Issue
Search bar on the web application is broken and returns no results for any query. No one is addressing this despite multiple attempts.,Technical Issue
The service center technician did not show up for the scheduled home appointment. Please take necessary action to fix this.,Service Issue
Items were missing from my shipment box when I opened the sealed parcel.,Delivery Issue
Unable to switch between multiple business accounts linked to my master ID. Please take necessary action to fix this.,Account Issue
Profile section crashes whenever I attempt to save updated contact details.,Account Issue
The delivery slot I selected was ignored and delivery attempted at wrong time. This has happened multiple times this week.,Delivery Issue
Late payment fee charged even though I paid 5 days before the due date. I have already sent multiple emails without response.,Billing Issue
The discount applied at sales time is not reflected in the final tax bill,Billing Issue
My account has been temporarily locked due to suspicious activity without warning. Please fix this bug/issue as soon as possible.,Account Issue
I cancelled my premium membership last month but was still billed for this billing cycle.,Billing Issue
I cannot initiate a refund because the refund option is disabled for my order. This is impacting my daily workflow severely.,Payment Issue
Double deduction occurred on my bank account for single transaction #56984.,Payment Issue
Customer care email address is bouncing back with mailbox quota exceeded. I have already sent multiple emails without response.,Service Issue
Image upload fails with error code 413 payload too large for small photos. This is unacceptable service and needs urgent escalation.,Technical Issue
Delivery address was updated before dispatch yet shipment was sent to old address.,Delivery Issue
My package was marked as delivered on the tracker but I have not received it. Please fix this bug/issue as soon as possible.,Delivery Issue
I cannot initiate a credit because the refund option is disabled for my order. This has happened multiple times this week.,Payment Issue
Account verification email is going to spam folder and verification link is broken. Looking forward to a quick resolution from your side.,Account Issue
My urgent medical supplies parcel was delayed by 72 hours without notification. I expect a prompt resolution from the concerned department.,Delivery Issue
Items were missing from my shipment box when I opened the sealed parcel. I am extremely disappointed with the handling of this matter.,Delivery Issue
My loyalty points balance reset to zero after account migration. Please look into this as soon as possible.,Account Issue
Invoice #42527 contains items that were out of stock and removed from my order. Please help resolve this immediately.,Billing Issue
Staff at the local service center was unprofessional and refused service. Kindly escalate this to senior management.,Service Issue
"My credit card was charged for transaction 26505, but no order receipt was generated. This has happened multiple times this week.",Payment Issue
File attachment in the support ticket form fails with unknown mime error. Please help resolve this immediately.,Technical Issue
My drone delivery dropped the package in the wrong GPS coordinates location.,Delivery Issue
Annual plan was purchased but monthly charges continue to appear on statement. Very frustrating experience with this platform.,Billing Issue
Dark pattern in settings made me accidentally close my account. Awaiting your prompt reply and action.,Account Issue
My account was merged with a different user profile without my permission. Urgent attention required for this critical issue.,Account Issue
Receipt shows wrong currency conversion rate leading to overcharge on my card. Looking forward to a quick resolution from your side.,Billing Issue
My UPI transfer to merchant 23947 got debited but the merchant says payment not received.,Payment Issue
Items were missing from my shipment box when I opened the sealed parcel. I have been facing this problem since yesterday.,Delivery Issue
"My credit card was deducted for transaction 17989, but no order receipt was generated. I expect a prompt resolution from the concerned department.",Payment Issue
Password reset token expired error shown immediately upon clicking reset link. Awaiting your prompt reply and action.,Account Issue
Page fails to render correctly on Google Chrome browser with blank white screen. Urgent attention required for this critical issue.,Technical Issue
I received a notification of an unauthorized login to my account from an unknown IP. I have been facing this problem since yesterday.,Account Issue
Poor customer assistance with no resolution provided after weeks of follow-up. This has happened multiple times this week.,Service Issue
App performance is extremely sluggish with severe latency during page transitions.,Technical Issue
Account recovery team has not responded to my identity verification ticket #90341. I have been facing this problem since yesterday.,Account Issue
Password reset token expired error shown immediately upon clicking reset link.,Account Issue
Data synchronization between mobile app and web portal is failing constantly. Please look into this as soon as possible.,Technical Issue
The hyperlocal delivery promised in 2 hours took more than 18 hours to arrive. Very frustrating experience with this platform.,Delivery Issue
Staff at the local service center was unprofessional and refused service. I expect a prompt resolution from the concerned department.,Service Issue
My wishlist and cart were emptied without any action from my side. I have been facing this problem since yesterday.,Account Issue
I requested a refund 7 days ago for a failed transfer still haven't received my money back.,Payment Issue
Refund for cancelled order #86380 is not credited to my original payment method. I have already sent multiple emails without response.,Payment Issue
Annual plan was purchased but monthly charges continue to appear on statement. Awaiting your prompt reply and action.,Billing Issue
My organization admin removed my access but I should still have permissions. Kindly investigate and provide an update today.,Account Issue
Support executive gave conflicting instructions causing further confusion.,Service Issue
Executive refused to escalate my grievance to higher tier management.,Service Issue
Package #65067 was returned to sender without my consent or any delivery attempt. Urgent attention required for this critical issue.,Delivery Issue
I paid for expedited delivery but the package never arrived.,Delivery Issue
The app freezes on the splash screen and never loads past the logo animation. Please help resolve this immediately.,Technical Issue
Payme transfer of Rs 150 shows pending on both sender and receiver ends.,Payment Issue
Express shipping paid for next-day delivery took over a week to arrive. Kindly escalate this to senior management.,Delivery Issue
My address was on the package label but the shipment went to another city entirely. I expect a prompt resolution from the concerned department.,Delivery Issue
Password reset token expired error shown immediately upon clicking reset link. Please take necessary action to fix this.,Account Issue
Two separate bills generated for a single service period causing confusion. Please look into this as soon as possible.,Billing Issue
The hyperlocal delivery promised in 2 hours took more than 18 hours to arrive.,Delivery Issue
Promised compensation or callback was never fulfilled by customer relations. Please help resolve this immediately.,Service Issue
The return pickup was scheduled but courier never arrived for collection. Please help resolve this immediately.,Delivery Issue
Representative spoke in a dismissive tone and refused to log formal complaint.,Service Issue
My account shows an incorrect subscription tier despite paying for premium. Awaiting your prompt reply and action.,Account Issue
Image upload fails with error code 413 payload too large for small photos. Kindly escalate this to senior management.,Technical Issue
Support agent was rude when I asked them to transfer me to a senior executive. I need an immediate resolution or refund.,Service Issue
The oversize item was refused delivery by the apartment security with no resolution. I need an immediate resolution or refund.,Delivery Issue
My parcel shows custom clearance failed but no reason or action step is given.,Delivery Issue
Payme transfer of Rs 499 shows pending on both sender and receiver ends.,Payment Issue
Credit card charge went through successfully but order was marked as unpaid. I need an immediate resolution or refund.,Payment Issue
The discount applied at sales time is not reflected in the final tax invoice.,Billing Issue
My corporate billing account is receiving invoices for a personal account charges. I need an immediate resolution or refund.,Billing Issue
Cannot link my Google OAuth or Social Login account with existing profile. I need an immediate resolution or refund.,Account Issue
My delivery was charged incorrectly on the final invoice.,Billing Issue
Payment failed at the gateway checkout but amount was cut from my savings account. Urgent attention required for this critical issue.,Payment Issue
Amount Rs 999 is deducted from account but checkout session expired. Kindly look into this issue at the earliest.,Payment Issue
Staff at the local service center was unprofessional and refused service. Kindly look into this issue at the earliest.,Service Issue
My grievance ticket #34651 was marked as resolved without any solution provided. Please look into this as soon as possible.,Service Issue
Received the completely wrong product instead of the item I originally ordered.,Delivery Issue
My transaction failed at checkout due to payment gateway error #50562. Please look into this as soon as possible.,Payment Issue
I was charged for both the old and new plan during the same billing period.,Billing Issue
Print billing statement button opens empty dialog box with no content inside. Kindly escalate this to senior management.,Technical Issue
I was charged an extra convenience fee of Rs 2499 that was not mentioned before.,Billing Issue
The support team keeps asking for the same information repeatedly with no progress.,Service Issue
The money was deducted via PhonePe but the cart emptied without confirmation.,Payment Issue
The return pickup was scheduled but courier never arrived for collection. Kindly look into this issue at the earliest.,Delivery Issue
Helpdesk ticketing system keeps closing tickets automatically without resolution. Please take necessary action to fix this.,Service Issue
I changed my registered email but still receiving OTP on the old email address.,Account Issue
Data synchronization between mobile app and web portal is failing constantly. Kindly investigate and provide an update today.,Technical Issue
The tax invoice shows CGST and SGST incorrectly calculated for my state. I expect a prompt resolution from the concerned department.,Billing Issue
"I requested a refund 7 days ago for a failed payment, still haven't received my money back. I am extremely disappointed with the handling of this matter.",Payment Issue
Image upload fails with error code 413 payload too large for small photos. Urgent attention required for this critical issue.,Technical Issue
I made an IMPS transfer but the beneficiary account didn't receive the money.,Payment Issue
Representative spoke in a dismissive tone and refused to log formal complaint. Awaiting your prompt reply and action.,Service Issue
Double deduction occurred on my bank account for single transaction #67640. Urgent attention required for this critical issue.,Payment Issue
Credit card charge went through successfully but order was marked as unpaid.,Payment Issue
Auto-complete suggestion dropdown appears behind other page elements. I expect a prompt resolution from the concerned department.,Technical Issue
I made an IMPS transfer but the beneficiary account didn't receive the money. Please help resolve this immediately.,Payment Issue
Payment transfer failed halfway and my funds are currently stuck in escrow. Kindly look into this issue at the earliest.,Payment Issue
Website displays internal server error 500 when navigating to the checkout screen. I have already sent multiple emails without response.,Technical Issue
Two-way sync between desktop and mobile keeps reverting changes. This is impacting my daily workflow severely.,Technical Issue
Customer care hotline numbers are permanently busy or out of service. Very frustrating experience with this platform.,Service Issue
My profile has been temporarily locked due to suspicious activity without warning.,Account Issue
Security questions validation fails despite entering correct answers. No one is addressing this despite multiple attempts.,Account Issue
Promised compensation or callback was never fulfilled by customer relations.,Service Issue
The application restarts automatically every time I navigate to the settings tab. I have been facing this problem since yesterday.,Technical Issue
I was given a replacement that is a lower model than my original defective product. Urgent attention required for this critical issue.,Service Issue
Invoice #96535 contains items that were out of stock and removed from my order.,Billing Issue
Customer support agent closed the live dispute without customer consent. No one is addressing this despite multiple attempts.,Service Issue
Shipment was dispatched to the wrong distribution hub in a different state. I have already sent multiple emails without response.,Delivery Issue
Customer service denied my claim citing a clause not present in my agreement. Please fix this bug/issue as soon as possible.,Service Issue
Receipt shows wrong currency conversion rate leading to overcharge on my card.,Billing Issue
deduction failed at the gateway checkout but amount was cut from my savings account No one is addressing this despite multiple attempts.,Payment Issue
Old tariff plan still being applied despite upgrading to new plan #85511. Kindly investigate and provide an update today.,Billing Issue
Remote diagnostic tool used by support staff caused data loss on my device. Looking forward to a quick resolution from your side.,Service Issue
The application restarts automatically every time I navigate to the settings tab. This is unacceptable service and needs urgent escalation.,Technical Issue
Repeated follow-ups on complaint #50516 have been met with canned automated replies.,Service Issue
I was not informed about the service charge increase before my renewal date. This is unacceptable service and needs urgent escalation.,Billing Issue
Cancellation fee was wrongly charged to my account after cancelling within free window.,Billing Issue
Payment failed at the gateway checkout but amount was cut from my savings account.,Payment Issue
The package partner refused to allow open box inspection as promised.,Delivery Issue
Delivery agent was rude and refused to deliver the parcel to my doorstep. No one is addressing this despite multiple attempts.,Delivery Issue
Support did not respond even after I raised a payment dispute ticket.,Service Issue
Discount promo code was applied at checkout but invoice billed full price without discount. This has happened multiple times this week.,Billing Issue
Two-way sync between desktop and mobile keeps reverting changes. I have been facing this problem since yesterday.,Technical Issue
My wishlist and cart were emptied without any action from my side. I have already sent multiple emails without response.,Account Issue
Customer service denied my claim citing a clause not present in my agreement. I need an immediate resolution or refund.,Service Issue
I cannot login to track my package delivery status.,Account Issue
The courier agent delivered my parcel to the wrong address in another street. Please take necessary action to fix this.,Delivery Issue
The money was deducted via PhonePe but the cart emptied without confirmation. This is unacceptable service and needs urgent escalation.,Payment Issue
Estimated delivery date has been rescheduled 4 times without any explanation.,Delivery Issue
Customer care hotline numbers are permanently busy or out of service. This has happened multiple times this week.,Service Issue
Bank shows payment successful but the utility company says dues are still pending. I need an immediate resolution or refund.,Payment Issue
The loyalty program points deduction issue I raised was dismissed without investigation. I need an immediate resolution or refund.,Service Issue
Representative spoke in a dismissive tone and refused to log formal complaint. Looking forward to a quick resolution from your side.,Service Issue
My account has been temporarily locked due to suspicious activity without warning.,Account Issue
CSS layout breaks completely when the browser zoom exceeds 110 percent. Please help resolve this immediately.,Technical Issue
Account recovery team has not responded to my identity verification ticket #76536. Kindly investigate and provide an update today.,Account Issue
Representative spoke in a dismissive tone and refused to log formal complaint. I have already sent multiple emails without response.,Service Issue
Customer support refused to help me with my wrong delivery.,Service Issue
Poor customer assistance with no resolution provided after weeks of follow-up. Very frustrating experience with this platform.,Service Issue
Phone number used for account verification is no longer accessible to me. I need an immediate resolution or refund.,Account Issue
The PWA does not install correctly on Android Chrome browser. No one is addressing this despite multiple attempts.,Technical Issue
"I requested a refund 7 days ago for a failed payment, still haven't received my money back. This is impacting my daily workflow severely.",Payment Issue
Perishable goods arrived spoiled due to extensive courier transit delays. Looking forward to a quick resolution from your side.,Delivery Issue
I changed my registered email but still receiving OTP on the old email address. I expect a prompt resolution from the concerned department.,Account Issue
The social media support team takes 5 days to reply to direct messages. This has happened multiple times this week.,Service Issue
I paid through debit card but received an SMS saying transaction declined after deduction.,Payment Issue
Biometric fingerprint login fails repeatedly and prompts for password reset. I have been facing this problem since yesterday.,Account Issue
Parcel was left unattended outside my gate in the rain and got ruined. Kindly investigate and provide an update today.,Delivery Issue
I requested a manager callback three days ago but have received no follow-up. Kindly look into this issue at the earliest.,Service Issue
I forgot my profile password and cannot access the registered recovery email.,Account Issue
The account dashboard is showing another user's personal information.,Account Issue
Security questions validation fails despite entering correct answers.,Account Issue
I raised a complaint but it was closed without resolving my refund.,Service Issue
I requested a refund 7 days ago for a failed transaction still haven't received my money back. Please take necessary action to fix this.,Payment Issue
The service warranty was rejected citing reasons not mentioned in the warranty card.,Service Issue
The chat support bot is useless and loops around without connecting to a human agent.,Service Issue
App crashes on startup after the latest update was installed. I need an immediate resolution or refund.,Technical Issue
The refund initiated 10 days back hasn't appeared in my bank statement yet.,Payment Issue
Extra charge of Rs 499 added for expedited delivery that arrived late.,Billing Issue
No acknowledgment email or ticket number sent after submitting help form. Very frustrating experience with this platform.,Service Issue
Received phishing warning alert regarding compromised password on my account.,Account Issue
Payment processing failed during merchant authorization but money left my account. This is impacting my daily workflow severely.,Payment Issue
The app freezes on the splash screen and never loads past the logo animation. I am extremely disappointed with the handling of this matter.,Technical Issue
The application crashes whenever a push notification arrives. Kindly escalate this to senior management.,Technical Issue
Cannot unlink old mobile number from my registered user profile. I am extremely disappointed with the handling of this matter.,Account Issue
My parcel tracking ID is showing invalid on the courier tracking website.,Delivery Issue
QR code scanner within the app opens a black screen and crashes. This has happened multiple times this week.,Technical Issue
Live agent keeps transferring my call between departments without resolution. No one is addressing this despite multiple attempts.,Service Issue
Account session keeps logging me out immediately after successful authentication.,Account Issue
Tampered packaging received with broken seal and missing electronic items. Please look into this as soon as possible.,Delivery Issue
Bank shows payment successful but the utility company says dues are still pending. I have already sent multiple emails without response.,Payment Issue
Initiated refund for transaction #44795 is still pending after two weeks. Looking forward to a quick resolution from your side.,Payment Issue
Double deduction occurred on my bank account for single transaction #30006.,Payment Issue
Calendar widget fails to load available slots showing empty months. I have already sent multiple emails without response.,Technical Issue
I was double charged and cannot login to request a refund.,Billing Issue
Tax calculation on my invoice is erroneous and exceeds the standard GST percentage.,Billing Issue
Customer support agent closed the live dispute without customer consent.,Service Issue
Package has been sitting at the local courier facility for 5 days without dispatch. This is unacceptable service and needs urgent escalation.,Delivery Issue
Service team failed to fix the same issue after 3 separate visits. Please help resolve this immediately.,Service Issue
The discount applied at sales time is not reflected in the final tax invoice. Please look into this as soon as possible.,Billing Issue
NACH mandate deducted EMI from my account but the loan account isn't updated. Looking forward to a quick resolution from your side.,Payment Issue
Support executive gave conflicting instructions causing further confusion. I have already sent multiple emails without response.,Service Issue
Image upload fails with error code 413 payload too large for small photos. I have already sent multiple emails without response.,Technical Issue
The coupon code discount of 20% was omitted from my final generated bill Awaiting your prompt reply and action.,Billing Issue
My linked payment method was removed from the account without my authorization. Please take necessary action to fix this.,Account Issue
I cannot update billing address because my account is locked.,Account Issue
My account shows an incorrect subscription tier despite paying for premium. Urgent attention required for this critical issue.,Account Issue
My grievance ticket #29163 was marked as resolved without any solution provided. Kindly look into this issue at the earliest.,Service Issue
Courier delivery executive claimed 'Customer not available' without attempting shipment or calling. Kindly investigate and provide an update today.,Delivery Issue
I was charged the international rate even though I was browsing from India. This is unacceptable service and needs urgent escalation.,Billing Issue
Incompetent support staff unable to comprehend basic product troubleshooting questions. I have already sent multiple emails without response.,Service Issue
The early termination fee on my account exceeds the contractual limit. Please help resolve this immediately.,Billing Issue
Checkout page showed transaction error but bank sent deduction alert immediately.,Payment Issue
The web dashboard does not load data charts and shows an empty canvas.,Technical Issue
The hyperlocal delivery promised in 2 hours took more than 18 hours to arrive. Looking forward to a quick resolution from your side.,Delivery Issue
Package shows delivered but my account shows order pending.,Delivery Issue
Staff at the local service center was unprofessional and refused service.,Service Issue
Barcode scanner freezes the device camera when scanning product codes. Awaiting your prompt reply and action.,Technical Issue
My account has been temporarily locked due to suspicious activity without warning. I expect a prompt resolution from the concerned department.,Account Issue
Barcode scanner freezes the device camera when scanning product codes. Kindly investigate and provide an update today.,Technical Issue
My formal complaint was downgraded to a general inquiry without my consent.,Service Issue
"I tried paying using Google Pay, amount deducted but deduction status is still pending. This is impacting my daily workflow severely.",Payment Issue
Page fails to render correctly on Google Chrome browser with blank white screen. Please take necessary action to fix this.,Technical Issue
The account dashboard is showing another user's personal information. I am extremely disappointed with the handling of this matter.,Account Issue
Support portal rejects ticket creation and displays contact administrator message. This is unacceptable service and needs urgent escalation.,Service Issue
The heavy furniture item was left in the lobby and not assembled as promised.,Delivery Issue
Dark mode toggle breaks the layout and causes overlapping text elements. Kindly investigate and provide an update today.,Technical Issue
Auto-debit triggered on my bank account for an order that was cancelled. Kindly investigate and provide an update today.,Payment Issue
The courier agent delivered my parcel to the wrong address in another street. No one is addressing this despite multiple attempts.,Delivery Issue
Checkout page showed transaction error but bank sent deduction alert immediately. Very frustrating experience with this platform.,Payment Issue
The package arrived severely damaged with broken contents inside the box. Kindly look into this issue at the earliest.,Delivery Issue
Unable to switch between multiple business accounts linked to my master ID.,Account Issue
I haven't received confirmation for the insurance premium transfer I made online.,Payment Issue
The account age verification keeps failing despite submitting valid documents. This is unacceptable service and needs urgent escalation.,Account Issue
My monthly subscription auto-renewed and billed my account without any prior reminder.,Billing Issue
The price listed on the invoice #40149 is higher than the product listing price. Awaiting your prompt reply and action.,Billing Issue
Repeated follow-ups on complaint #95359 have been met with canned automated replies. No one is addressing this despite multiple attempts.,Service Issue
The map navigation feature shows roads that no longer exist.,Technical Issue
Payment failed at the gateway checkout but amount was cut from my savings profile Please take necessary action to fix this.,Payment Issue
Security deposit of Rs 4999 was not reflected as credit in the final bill. Kindly look into this issue at the earliest.,Billing Issue
Account verification email is going to spam folder and verification link is broken.,Account Issue
My employer reimbursement invoice is missing the required company GST number. Please take necessary action to fix this.,Billing Issue
My grievance ticket #35287 was marked as resolved without any solution provided. Kindly look into this issue at the earliest.,Service Issue
Received invoice #19828 with wrong product description and wrong unit price.,Billing Issue
login screen says user account does not exist even though I registered yesterday. Kindly escalate this to senior management.,Account Issue
Two separate bills generated for a single service period causing confusion. Kindly escalate this to senior management.,Billing Issue
Courier delivery executive claimed 'Customer not available' without attempting delivery or calling. I expect a prompt resolution from the concerned department.,Delivery Issue
Net banking transaction timed out during payment verification step.,Payment Issue
Amount Rs 999 is deducted from account but checkout session expired.,Payment Issue
The AWB number for my shipment is not trackable on any courier website. I need an immediate resolution or refund.,Delivery Issue
Profile section crashes whenever I attempt to save updated contact details. I have already sent multiple emails without response.,Account Issue
Poor customer assistance with no resolution provided after weeks of follow-up. Please fix this bug/issue as soon as possible.,Service Issue
App crashes on startup after the latest update was installed. This is impacting my daily workflow severely.,Technical Issue
Delivery agent was rude and refused to deliver the parcel to my doorstep. Please fix this bug/issue as soon as possible.,Delivery Issue
Live agent keeps transferring my call between departments without resolution. I have been facing this problem since yesterday.,Service Issue
Receipt shows wrong currency conversion rate leading to overcharge on my card. I need an immediate resolution or refund.,Billing Issue
The courier broke a fragile electronic item by placing heavy boxes on top. No one is addressing this despite multiple attempts.,Delivery Issue
My cold chain shipment arrived at room temperature and is unsafe to consume.,Delivery Issue
user account session keeps logging me out immediately after successful authentication.,Account Issue
Received the completely wrong product instead of the item I originally ordered. Kindly look into this issue at the earliest.,Delivery Issue
Tampered packaging received with broken seal and missing electronic items. Kindly look into this issue at the earliest.,Delivery Issue
Customer relationship executive promised a resolution within 24 hours but failed. I expect a prompt resolution from the concerned department.,Service Issue
Incompetent support staff unable to comprehend basic product troubleshooting questions. This is unacceptable service and needs urgent escalation.,Service Issue
I received an empty box with packing material and no ordered goods inside. Please take necessary action to fix this.,Delivery Issue
My package was marked as delivered on the tracker but I have not received it. Very frustrating experience with this platform.,Delivery Issue
The complaint escalation matrix shared on website is completely non-functional. Please take necessary action to fix this.,Service Issue
Page fails to render correctly on Google Chrome browser with blank white screen. Kindly look into this issue at the earliest.,Technical Issue
Package #75063 was returned to sender without my consent or any delivery attempt. I need an immediate resolution or refund.,Delivery Issue
The map navigation feature shows roads that no longer exist. Very frustrating experience with this platform.,Technical Issue
API endpoint /api/v1/data is throwing HTTP 502 Bad Gateway intermittently. Urgent attention required for this critical issue.,Technical Issue
Support agent abruptly disconnected the live chat session while I was typing. Kindly escalate this to senior management.,Service Issue
Web page freezes completely when attempting to upload documents. No one is addressing this despite multiple attempts.,Technical Issue
My cold chain shipment arrived at room temperature and is unsafe to consume. Please help resolve this immediately.,Delivery Issue
The chat support bot is useless and loops around without connecting to a human agent. Awaiting your prompt reply and action.,Service Issue
App crashes on startup after the latest update was installed. Kindly escalate this to senior management.,Technical Issue
"I requested a refund 7 days ago for a failed payment, still haven't received my money back.",Payment Issue
Service team failed to fix the same issue after 3 separate visits. This is unacceptable service and needs urgent escalation.,Service Issue
Session expires abruptly within 30 seconds of logging into the portal.,Technical Issue
My order status says out for delivery for the past 48 hours with no courier contact. Awaiting your prompt reply and action.,Delivery Issue
My account was suspended without any reason or violation notice. This has happened multiple times this week.,Account Issue
My account was suspended without any reason or violation notice. I am extremely disappointed with the handling of this matter.,Account Issue
The social media support team takes 5 days to reply to direct messages. Please fix this bug/issue as soon as possible.,Service Issue
My invoice displays an outdated billing address despite updating profile details. This has happened multiple times this week.,Billing Issue
I was billed twice for annual maintenance fee on invoice #13840.,Billing Issue
My parcel shows custom clearance failed but no reason or action step is given. I have already sent multiple emails without response.,Delivery Issue
Re-registration was attempted but system says account already exists with same info. Awaiting your prompt reply and action.,Account Issue
The price listed on the invoice #74517 is higher than the product listing price.,Billing Issue
Package #92840 was returned to sender without my consent or any delivery attempt.,Delivery Issue
Customer support agent closed the live dispute without customer consent. Please help resolve this immediately.,Service Issue
Repeated follow-ups on complaint #97135 have been met with canned automated replies. Urgent attention required for this critical issue.,Service Issue
The delivery slot I selected was ignored and order delivery attempted at wrong time. Please help resolve this immediately.,Delivery Issue
Express shipping paid for next-day delivery took over a week to arrive.,Delivery Issue
My minor child account was auto-upgraded to adult without parental consent. Very frustrating experience with this platform.,Account Issue
Package #46073 was returned to sender without my consent or any shipment attempt. No one is addressing this despite multiple attempts.,Delivery Issue
My parcel tracking ID is showing invalid on the courier tracking website. I am extremely disappointed with the handling of this matter.,Delivery Issue
Amount Rs 499 is deducted from account but checkout session expired. Awaiting your prompt reply and action.,Payment Issue
I changed my registered email but still receiving OTP on the old email address. Urgent attention required for this critical issue.,Account Issue
Data synchronization between mobile app and web portal is failing constantly. This has happened multiple times this week.,Technical Issue
Data export function generates empty CSV files without content. This is impacting my daily workflow severely.,Technical Issue
Customer support is not responding to any of my emails or support tickets. I have already sent multiple emails without response.,Service Issue
Representative spoke in a dismissive tone and refused to log formal complaint. This has happened multiple times this week.,Service Issue
User account permissions were unexpectedly revoked by the system. Kindly investigate and provide an update today.,Account Issue
Delivery partner attempted delivery on a public holiday without prior notice. This is unacceptable service and needs urgent escalation.,Delivery Issue
I was billed for an additional service that I never opted in or subscribed for. I need an immediate resolution or refund.,Billing Issue
payment gateway error: transaction was debited but vendor claims deduction is unreceived. Urgent attention required for this critical issue.,Payment Issue
Customer support is not responding to any of my emails or support tickets. I am extremely disappointed with the handling of this matter.,Service Issue
My payment was deducted but the order was not confirmed. Very frustrating experience with this platform.,Payment Issue
Support portal rejects ticket creation and displays contact administrator message. Please help resolve this immediately.,Service Issue
Duplicate invoice generated for account #46877 resulting in duplicate bank charges. Awaiting your prompt reply and action.,Billing Issue
Duplicate invoice generated for account #50410 resulting in duplicate bank charges. Kindly look into this issue at the earliest.,Billing Issue
The discount applied at sales time is not reflected in the final tax invoice. Kindly investigate and provide an update today.,Billing Issue
Web page freezes completely when attempting to upload documents.,Technical Issue
Duplicate invoice generated for account #52153 resulting in duplicate bank charges.,Billing Issue
Filter dropdown is not functioning and freezes the browser tab. Kindly escalate this to senior management.,Technical Issue
The customer care team keeps asking for the same information repeatedly with no progress. Very frustrating experience with this platform.,Service Issue
Logistics tracking shows delivered with a forged signature that is not mine.,Delivery Issue
CSS layout breaks completely when the browser zoom exceeds 110 percent. I have already sent multiple emails without response.,Technical Issue
Bank shows payment successful but the utility company says dues are still pending. Please take necessary action to fix this.,Payment Issue
Refund for cancelled order #42325 is not credited to my original payment method. No one is addressing this despite multiple attempts.,Payment Issue
Customer care hotline numbers are permanently busy or out of service.,Service Issue
Cannot download my generated PDF report due to server timeout error #69905.,Technical Issue
I was charged an extra convenience fee of Rs 2499 that was not mentioned before. Very frustrating experience with this platform.,Billing Issue
Refund for cancelled order #47601 is not credited to my original payment method. Awaiting your prompt reply and action.,Payment Issue
I received an empty box with packing material and no ordered goods inside. Please fix this bug/issue as soon as possible.,Delivery Issue
Incorrect penalty fee added for data overage that did not actually occur. This is unacceptable service and needs urgent escalation.,Billing Issue
My order has not arrived yet even though the estimated package date was yesterday. No one is addressing this despite multiple attempts.,Delivery Issue
The complaint escalation matrix shared on website is completely non-functional. Kindly look into this issue at the earliest.,Service Issue
All saved addresses in my account have disappeared after the app update. Please fix this bug/issue as soon as possible.,Account Issue
Late payment fee charged even though I paid 5 days before the due date. This has happened multiple times this week.,Billing Issue
My international parcel is stuck in customs for 3 weeks with no update. Looking forward to a quick resolution from your side.,Delivery Issue
My billing cycle date changed without notification causing mid-month deduction. Please take necessary action to fix this.,Billing Issue
Service team failed to fix the same issue after 3 separate visits.,Service Issue
The background location service crashes the app on battery saver mode.,Technical Issue
My account profile data and saved preferences vanished after recent update.,Account Issue
The pro-rated billing amount for partial month is incorrectly calculated.,Billing Issue
log in screen says account does not exist even though I registered yesterday.,Account Issue
Platform fee deducted from my seller payout without prior disclosure. Looking forward to a quick resolution from your side.,Billing Issue
Card deduction gateway timeout caused double charging on the same invoice.,Payment Issue
Estimated delivery date has been rescheduled 4 times without any explanation. Please take necessary action to fix this.,Delivery Issue
Push notifications are not appearing even with all permissions granted.,Technical Issue
Wrong pin code was printed on the label despite correct address in order details.,Delivery Issue
No acknowledgment email or ticket number sent after submitting help form. This has happened multiple times this week.,Service Issue
The application crashes on iOS version 17 when accessing camera permissions. Kindly escalate this to senior management.,Technical Issue
Customer relationship executive promised a resolution within 24 hours but failed. Kindly escalate this to senior management.,Service Issue
The automated IVR system disconnects my call after selecting the correct option.,Service Issue
The loyalty program points deduction issue I raised was dismissed without investigation. I have already sent multiple emails without response.,Service Issue
I was charged an unexplained fee labelled miscellaneous charges on my statement. Looking forward to a quick resolution from your side.,Billing Issue
I made a transfer via Apple Pay and the money was deducted without an order confirmation.,Payment Issue
My parcel shows custom clearance failed but no reason or action step is given. Please help resolve this immediately.,Delivery Issue
File attachment in the support ticket form fails with unknown mime error. Please fix this bug/issue as soon as possible.,Technical Issue
My payment was stuck and I could not reach customer service.,Payment Issue
Cashback and refund amount of Rs 999 not credited back to my account. Very frustrating experience with this platform.,Payment Issue
Re-registration was attempted but system says profile already exists with same info.,Account Issue
File attachment in the support ticket form fails with unknown mime error. I am extremely disappointed with the handling of this matter.,Technical Issue
Courier service returned package citing address untraceable despite clear landmarks. Please fix this bug/issue as soon as possible.,Delivery Issue
The pro-rated billing amount for partial month is incorrectly calculated. Kindly escalate this to senior management.,Billing Issue
I am unable to complete payment because the OTP keeps failing on every attempt. Please fix this bug/issue as soon as possible.,Payment Issue
Recurring credit card charge occurred after I explicitly cancelled the renewal. Very frustrating experience with this platform.,Billing Issue
The oversize item was refused delivery by the apartment security with no resolution.,Delivery Issue
The tax invoice shows CGST and SGST incorrectly calculated for my state.,Billing Issue
My Paytm wallet was debited twice for a single order purchase. Please fix this bug/issue as soon as possible.,Payment Issue
I forgot my account password and cannot access the registered recovery email.,Account Issue
I haven't received confirmation for the insurance premium payment I made online. I have been facing this problem since yesterday.,Payment Issue
Tracking status has been stuck at 'In Transit' for over 10 consecutive days. This has happened multiple times this week.,Delivery Issue
Customer service denied my claim citing a clause not present in my agreement. I expect a prompt resolution from the concerned department.,Service Issue
Phone number used for account verification is no longer accessible to me. Please help resolve this immediately.,Account Issue
Search bar on the web application is broken and returns no results for any query. This is impacting my daily workflow severely.,Technical Issue
Helpdesk ticketing system keeps closing tickets automatically without resolution. Looking forward to a quick resolution from your side.,Service Issue
Parcel was left unattended outside my gate in the rain and got ruined. Awaiting your prompt reply and action.,Delivery Issue
Biometric fingerprint login fails repeatedly and prompts for password reset. This is impacting my daily workflow severely.,Account Issue
The amount Rs 499 was charged to my card but the transaction status shows incomplete. Please fix this bug/issue as soon as possible.,Payment Issue
Two accounts exist for the same PAN number causing conflicts in the system.,Account Issue
order delivery executive demanded extra cash on package amount beyond invoice total. Please fix this bug/issue as soon as possible.,Delivery Issue
The interface suffers from severe memory leaks causing browser tab to crash. Kindly escalate this to senior management.,Technical Issue
Customer care supervisor refused to provide refund confirmation in writing.,Service Issue
I am receiving a persistent JavaScript console error when clicking the submit button. I expect a prompt resolution from the concerned department.,Technical Issue
Cannot unlink old mobile number from my registered user profile. This is impacting my daily workflow severely.,Account Issue
Delivery executive demanded extra cash on delivery amount beyond invoice total.,Delivery Issue
The invoice shows an incorrect total amount that does not match the cart price.,Billing Issue
Cashback and refund amount of Rs 2499 not credited back to my account. Kindly look into this issue at the earliest.,Payment Issue
Image upload fails with error code 413 payload too large for small photos. No one is addressing this despite multiple attempts.,Technical Issue
Customer relationship executive promised a resolution within 24 hours but failed. Awaiting your prompt reply and action.,Service Issue
My billing receipt has incorrect company details and wrong GST number. Please help resolve this immediately.,Billing Issue
I forgot my account password and cannot access the registered recovery email. This is impacting my daily workflow severely.,Account Issue
Two separate bills generated for a single service period causing confusion. Kindly investigate and provide an update today.,Billing Issue
Registered email address has a typo and I cannot verify my new user account.,Account Issue
Receipt shows wrong currency conversion rate leading to overcharge on my card. No one is addressing this despite multiple attempts.,Billing Issue
Order shipment #78389 is lost in transit and logistics support has no update. No one is addressing this despite multiple attempts.,Delivery Issue
NACH mandate deducted EMI from my account but the loan account isn't updated.,Payment Issue
The account shows logged in from multiple devices I don't own. I am extremely disappointed with the handling of this matter.,Account Issue
Support staff denied acknowledging the manufacturing defect in my product.,Service Issue
I made a payment via Apple Pay and the money was deducted without an order confirmation. Awaiting your prompt reply and action.,Payment Issue
Subscription downgrade was requested but I am still being billed the enterprise rate. Kindly look into this issue at the earliest.,Billing Issue
The application keeps crashing whenever I try to open the dashboard.,Technical Issue
Net banking transaction timed out during payment verification step. Very frustrating experience with this platform.,Payment Issue
Unsatisfactory response provided for warranty claim service request #56935. Please take necessary action to fix this.,Service Issue
Promised compensation or callback was never fulfilled by customer relations. I have been facing this problem since yesterday.,Service Issue
Service quality has deteriorated significantly with unhelpful automated responses.,Service Issue
OTP verification code is not being received on my registered mobile number. This is unacceptable service and needs urgent escalation.,Account Issue
Customer relationship executive promised a resolution within 24 hours but failed.,Service Issue
